PATIENT,PRESCRIBED_TS,MEDICATION_CODE,MEDICATION_ID
96ad52b0-690e-46a2-aecf-5c5f32bbb9fd,2017-05-06 19:35:07-04:00,Cisplatin 50 MG Injection,1736854
96ad52b0-690e-46a2-aecf-5c5f32bbb9fd,2017-05-06 19:35:07-04:00,PACLitaxel 100 MG Injection,583214
96ad52b0-690e-46a2-aecf-5c5f32bbb9fd,2017-06-03 19:35:07-04:00,Cisplatin 50 MG Injection,1736854
96ad52b0-690e-46a2-aecf-5c5f32bbb9fd,2017-06-03 19:35:07-04:00,PACLitaxel 100 MG Injection,583214
96ad52b0-690e-46a2-aecf-5c5f32bbb9fd,2017-07-04 19:35:07-04:00,Cisplatin 50 MG Injection,1736854
96ad52b0-690e-46a2-aecf-5c5f32bbb9fd,2017-07-04 19:35:07-04:00,PACLitaxel 100 MG Injection,583214
96ad52b0-690e-46a2-aecf-5c5f32bbb9fd,2017-08-07 19:35:07-04:00,Cisplatin 50 MG Injection,1736854
96ad52b0-690e-46a2-aecf-5c5f32bbb9fd,2017-08-07 19:35:07-04:00,PACLitaxel 100 MG Injection,583214
96ad52b0-690e-46a2-aecf-5c5f32bbb9fd,2017-09-09 19:35:07-04:00,Cisplatin 50 MG Injection,1736854
96ad52b0-690e-46a2-aecf-5c5f32bbb9fd,2017-09-09 19:35:07-04:00,PACLitaxel 100 MG Injection,583214
96ad52b0-690e-46a2-aecf-5c5f32bbb9fd,2017-10-10 19:35:07-04:00,Cisplatin 50 MG Injection,1736854
96ad52b0-690e-46a2-aecf-5c5f32bbb9fd,2017-10-10 19:35:07-04:00,PACLitaxel 100 MG Injection,583214
96ad52b0-690e-46a2-aecf-5c5f32bbb9fd,2017-11-09 18:35:07-05:00,Cisplatin 50 MG Injection,1736854
96ad52b0-690e-46a2-aecf-5c5f32bbb9fd,2017-11-09 18:35:07-05:00,PACLitaxel 100 MG Injection,583214
96ad52b0-690e-46a2-aecf-5c5f32bbb9fd,2017-12-07 18:35:07-05:00,Cisplatin 50 MG Injection,1736854
96ad52b0-690e-46a2-aecf-5c5f32bbb9fd,2017-12-07 18:35:07-05:00,PACLitaxel 100 MG Injection,583214
96ad52b0-690e-46a2-aecf-5c5f32bbb9fd,2018-01-08 18:35:07-05:00,Cisplatin 50 MG Injection,1736854
96ad52b0-690e-46a2-aecf-5c5f32bbb9fd,2018-01-08 18:35:07-05:00,PACLitaxel 100 MG Injection,583214
96ad52b0-690e-46a2-aecf-5c5f32bbb9fd,2018-02-06 18:35:07-05:00,Cisplatin 50 MG Injection,1736854
96ad52b0-690e-46a2-aecf-5c5f32bbb9fd,2018-02-06 18:35:07-05:00,PACLitaxel 100 MG Injection,583214
96ad52b0-690e-46a2-aecf-5c5f32bbb9fd,2018-03-12 19:35:07-04:00,Cisplatin 50 MG Injection,1736854
96ad52b0-690e-46a2-aecf-5c5f32bbb9fd,2018-03-12 19:35:07-04:00,PACLitaxel 100 MG Injection,583214
96ad52b0-690e-46a2-aecf-5c5f32bbb9fd,2018-04-14 19:35:07-04:00,Cisplatin 50 MG Injection,1736854
96ad52b0-690e-46a2-aecf-5c5f32bbb9fd,2018-04-14 19:35:07-04:00,PACLitaxel 100 MG Injection,583214
96ad52b0-690e-46a2-aecf-5c5f32bbb9fd,2018-05-17 19:35:07-04:00,Cisplatin 50 MG Injection,1736854
96ad52b0-690e-46a2-aecf-5c5f32bbb9fd,2018-05-17 19:35:07-04:00,PACLitaxel 100 MG Injection,583214
96ad52b0-690e-46a2-aecf-5c5f32bbb9fd,2018-06-17 19:35:07-04:00,Cisplatin 50 MG Injection,1736854
96ad52b0-690e-46a2-aecf-5c5f32bbb9fd,2018-06-17 19:35:07-04:00,PACLitaxel 100 MG Injection,583214
96ad52b0-690e-46a2-aecf-5c5f32bbb9fd,2018-07-21 19:35:07-04:00,Cisplatin 50 MG Injection,1736854
96ad52b0-690e-46a2-aecf-5c5f32bbb9fd,2018-07-21 19:35:07-04:00,PACLitaxel 100 MG Injection,583214
96ad52b0-690e-46a2-aecf-5c5f32bbb9fd,2018-08-23 19:35:07-04:00,Cisplatin 50 MG Injection,1736854
96ad52b0-690e-46a2-aecf-5c5f32bbb9fd,2018-08-23 19:35:07-04:00,PACLitaxel 100 MG Injection,583214
96ad52b0-690e-46a2-aecf-5c5f32bbb9fd,2018-09-26 19:35:07-04:00,Cisplatin 50 MG Injection,1736854
96ad52b0-690e-46a2-aecf-5c5f32bbb9fd,2018-09-26 19:35:07-04:00,PACLitaxel 100 MG Injection,583214
96ad52b0-690e-46a2-aecf-5c5f32bbb9fd,2018-10-27 19:35:07-04:00,Cisplatin 50 MG Injection,1736854
96ad52b0-690e-46a2-aecf-5c5f32bbb9fd,2018-10-27 19:35:07-04:00,PACLitaxel 100 MG Injection,583214
96ad52b0-690e-46a2-aecf-5c5f32bbb9fd,2018-11-30 18:35:07-05:00,Cisplatin 50 MG Injection,1736854
96ad52b0-690e-46a2-aecf-5c5f32bbb9fd,2018-11-30 18:35:07-05:00,PACLitaxel 100 MG Injection,583214
96ad52b0-690e-46a2-aecf-5c5f32bbb9fd,2019-01-01 18:35:07-05:00,Cisplatin 50 MG Injection,1736854
96ad52b0-690e-46a2-aecf-5c5f32bbb9fd,2019-01-01 18:35:07-05:00,PACLitaxel 100 MG Injection,583214
96ad52b0-690e-46a2-aecf-5c5f32bbb9fd,2019-01-30 18:35:07-05:00,Cisplatin 50 MG Injection,1736854
96ad52b0-690e-46a2-aecf-5c5f32bbb9fd,2019-01-30 18:35:07-05:00,PACLitaxel 100 MG Injection,583214
96ad52b0-690e-46a2-aecf-5c5f32bbb9fd,2019-03-02 18:35:07-05:00,Cisplatin 50 MG Injection,1736854
96ad52b0-690e-46a2-aecf-5c5f32bbb9fd,2019-03-02 18:35:07-05:00,PACLitaxel 100 MG Injection,583214
96ad52b0-690e-46a2-aecf-5c5f32bbb9fd,2019-04-01 19:35:07-04:00,Cisplatin 50 MG Injection,1736854
96ad52b0-690e-46a2-aecf-5c5f32bbb9fd,2019-04-01 19:35:07-04:00,PACLitaxel 100 MG Injection,583214
96ad52b0-690e-46a2-aecf-5c5f32bbb9fd,2019-05-04 19:35:07-04:00,Cisplatin 50 MG Injection,1736854
96ad52b0-690e-46a2-aecf-5c5f32bbb9fd,2019-05-04 19:35:07-04:00,PACLitaxel 100 MG Injection,583214
96ad52b0-690e-46a2-aecf-5c5f32bbb9fd,2019-06-05 19:35:07-04:00,Cisplatin 50 MG Injection,1736854
96ad52b0-690e-46a2-aecf-5c5f32bbb9fd,2019-06-05 19:35:07-04:00,PACLitaxel 100 MG Injection,583214
96ad52b0-690e-46a2-aecf-5c5f32bbb9fd,2019-07-05 19:35:07-04:00,Cisplatin 50 MG Injection,1736854
96ad52b0-690e-46a2-aecf-5c5f32bbb9fd,2019-07-05 19:35:07-04:00,PACLitaxel 100 MG Injection,583214
96ad52b0-690e-46a2-aecf-5c5f32bbb9fd,2019-08-05 19:35:07-04:00,Cisplatin 50 MG Injection,1736854
96ad52b0-690e-46a2-aecf-5c5f32bbb9fd,2019-08-05 19:35:07-04:00,PACLitaxel 100 MG Injection,583214
96ad52b0-690e-46a2-aecf-5c5f32bbb9fd,2019-09-05 19:35:07-04:00,Cisplatin 50 MG Injection,1736854
96ad52b0-690e-46a2-aecf-5c5f32bbb9fd,2019-09-05 19:35:07-04:00,PACLitaxel 100 MG Injection,583214
96ad52b0-690e-46a2-aecf-5c5f32bbb9fd,2019-10-06 19:35:07-04:00,Cisplatin 50 MG Injection,1736854
96ad52b0-690e-46a2-aecf-5c5f32bbb9fd,2019-10-06 19:35:07-04:00,PACLitaxel 100 MG Injection,583214
96ad52b0-690e-46a2-aecf-5c5f32bbb9fd,2019-11-09 18:35:07-05:00,Cisplatin 50 MG Injection,1736854
96ad52b0-690e-46a2-aecf-5c5f32bbb9fd,2019-11-09 18:35:07-05:00,PACLitaxel 100 MG Injection,583214
96ad52b0-690e-46a2-aecf-5c5f32bbb9fd,2019-12-12 18:35:07-05:00,Cisplatin 50 MG Injection,1736854
96ad52b0-690e-46a2-aecf-5c5f32bbb9fd,2019-12-12 18:35:07-05:00,PACLitaxel 100 MG Injection,583214
96ad52b0-690e-46a2-aecf-5c5f32bbb9fd,2020-01-13 18:35:07-05:00,Cisplatin 50 MG Injection,1736854
96ad52b0-690e-46a2-aecf-5c5f32bbb9fd,2020-01-13 18:35:07-05:00,PACLitaxel 100 MG Injection,583214
96ad52b0-690e-46a2-aecf-5c5f32bbb9fd,2020-02-12 18:35:07-05:00,Cisplatin 50 MG Injection,1736854
96ad52b0-690e-46a2-aecf-5c5f32bbb9fd,2020-02-12 18:35:07-05:00,PACLitaxel 100 MG Injection,583214
96ad52b0-690e-46a2-aecf-5c5f32bbb9fd,2020-03-14 19:35:07-04:00,Cisplatin 50 MG Injection,1736854
96ad52b0-690e-46a2-aecf-5c5f32bbb9fd,2020-03-14 19:35:07-04:00,PACLitaxel 100 MG Injection,583214
273d36bf-c5bc-4c2c-9a8d-1ae83a28f97d,2014-12-14 21:48:32-05:00,ondansetron 4 MG in 2 ML Injection,1740467
273d36bf-c5bc-4c2c-9a8d-1ae83a28f97d,2014-12-14 21:48:32-05:00,Midazolam 1 MG/ML Injectable Solution,311700
273d36bf-c5bc-4c2c-9a8d-1ae83a28f97d,2014-12-14 21:48:32-05:00,propofol 1000 MG in 100 ML Injection,1808217
273d36bf-c5bc-4c2c-9a8d-1ae83a28f97d,2014-12-14 21:48:32-05:00,Rocuronium bromide 10 MG/ML Injectable Solution,1234995
273d36bf-c5bc-4c2c-9a8d-1ae83a28f97d,2014-12-14 21:48:32-05:00,isoflurane 99.9 % Inhalant Solution,542347
273d36bf-c5bc-4c2c-9a8d-1ae83a28f97d,2014-12-14 21:48:32-05:00,10 ML Alfentanil 0.5 MG/ML Injection,1723208
460636ac-a2fc-4ccd-9635-7fe6f8e0e4c0,2010-09-04 16:44:26-04:00,ondansetron 4 MG in 2 ML Injection,1740467
460636ac-a2fc-4ccd-9635-7fe6f8e0e4c0,2010-09-04 16:44:26-04:00,Lorazepam 2 MG/ML Injectable Solution,238100
460636ac-a2fc-4ccd-9635-7fe6f8e0e4c0,2010-09-04 16:44:26-04:00,propofol 1000 MG in 100 ML Injection,1808217
460636ac-a2fc-4ccd-9635-7fe6f8e0e4c0,2010-09-04 16:44:26-04:00,Rocuronium bromide 10 MG/ML Injectable Solution,1234995
460636ac-a2fc-4ccd-9635-7fe6f8e0e4c0,2010-09-04 16:44:26-04:00,sevoflurane 100 % Inhalant Solution,200243
460636ac-a2fc-4ccd-9635-7fe6f8e0e4c0,2010-09-04 16:44:26-04:00,10 ML Fentanyl 0.05 MG/ML Injection,1735006
79b8c998-c083-4a14-8f96-e088e3b093d2,2012-01-14 14:55:15-05:00,ondansetron 4 MG in 2 ML Injection,1740467
79b8c998-c083-4a14-8f96-e088e3b093d2,2012-01-14 14:55:15-05:00,Midazolam 1 MG/ML Injectable Solution,311700
79b8c998-c083-4a14-8f96-e088e3b093d2,2012-01-14 14:55:15-05:00,propofol 1000 MG in 100 ML Injection,1808217
79b8c998-c083-4a14-8f96-e088e3b093d2,2012-01-14 14:55:15-05:00,Rocuronium bromide 10 MG/ML Injectable Solution,1234995
79b8c998-c083-4a14-8f96-e088e3b093d2,2012-01-14 14:55:15-05:00,isoflurane 99.9 % Inhalant Solution,542347
79b8c998-c083-4a14-8f96-e088e3b093d2,2012-01-14 14:55:15-05:00,remifentanil 2 MG Injection,1729584
8bedfa7b-6bd0-4975-92e4-110179b23723,2011-01-10 17:49:42-05:00,ondansetron 4 MG in 2 ML Injection,1740467
8bedfa7b-6bd0-4975-92e4-110179b23723,2011-01-10 17:49:42-05:00,Midazolam 1 MG/ML Injectable Solution,311700
8bedfa7b-6bd0-4975-92e4-110179b23723,2011-01-10 17:49:42-05:00,propofol 1000 MG in 100 ML Injection,1808217
8bedfa7b-6bd0-4975-92e4-110179b23723,2011-01-10 17:49:42-05:00,Rocuronium bromide 10 MG/ML Injectable Solution,1234995
8bedfa7b-6bd0-4975-92e4-110179b23723,2011-01-10 17:49:42-05:00,isoflurane 99.9 % Inhalant Solution,542347
8bedfa7b-6bd0-4975-92e4-110179b23723,2011-01-10 17:49:42-05:00,SUFentanil 250 MCG per 5 ML Injection,1809104
8b8257a6-f60c-4b9c-ba2c-f3ec3e4e6bbd,2017-12-29 00:40:05-05:00,Cisplatin 50 MG Injection,1736854
8b8257a6-f60c-4b9c-ba2c-f3ec3e4e6bbd,2017-12-29 00:40:05-05:00,PACLitaxel 100 MG Injection,583214
8b8257a6-f60c-4b9c-ba2c-f3ec3e4e6bbd,2018-01-29 00:40:05-05:00,Cisplatin 50 MG Injection,1736854
8b8257a6-f60c-4b9c-ba2c-f3ec3e4e6bbd,2018-01-29 00:40:05-05:00,PACLitaxel 100 MG Injection,583214
8b8257a6-f60c-4b9c-ba2c-f3ec3e4e6bbd,2018-02-27 00:40:05-05:00,Cisplatin 50 MG Injection,1736854
8b8257a6-f60c-4b9c-ba2c-f3ec3e4e6bbd,2018-02-27 00:40:05-05:00,PACLitaxel 100 MG Injection,583214
8b8257a6-f60c-4b9c-ba2c-f3ec3e4e6bbd,2018-04-02 01:40:05-04:00,Cisplatin 50 MG Injection,1736854
8b8257a6-f60c-4b9c-ba2c-f3ec3e4e6bbd,2018-04-02 01:40:05-04:00,PACLitaxel 100 MG Injection,583214
8b8257a6-f60c-4b9c-ba2c-f3ec3e4e6bbd,2018-05-01 01:40:05-04:00,Cisplatin 50 MG Injection,1736854
8b8257a6-f60c-4b9c-ba2c-f3ec3e4e6bbd,2018-05-01 01:40:05-04:00,PACLitaxel 100 MG Injection,583214
8b8257a6-f60c-4b9c-ba2c-f3ec3e4e6bbd,2018-06-03 01:40:05-04:00,Cisplatin 50 MG Injection,1736854
8b8257a6-f60c-4b9c-ba2c-f3ec3e4e6bbd,2018-06-03 01:40:05-04:00,PACLitaxel 100 MG Injection,583214
8b8257a6-f60c-4b9c-ba2c-f3ec3e4e6bbd,2018-07-02 01:40:05-04:00,Cisplatin 50 MG Injection,1736854
8b8257a6-f60c-4b9c-ba2c-f3ec3e4e6bbd,2018-07-02 01:40:05-04:00,PACLitaxel 100 MG Injection,583214
8b8257a6-f60c-4b9c-ba2c-f3ec3e4e6bbd,2018-08-03 01:40:05-04:00,Cisplatin 50 MG Injection,1736854
8b8257a6-f60c-4b9c-ba2c-f3ec3e4e6bbd,2018-08-03 01:40:05-04:00,PACLitaxel 100 MG Injection,583214
8b8257a6-f60c-4b9c-ba2c-f3ec3e4e6bbd,2018-09-05 01:40:05-04:00,Cisplatin 50 MG Injection,1736854
8b8257a6-f60c-4b9c-ba2c-f3ec3e4e6bbd,2018-09-05 01:40:05-04:00,PACLitaxel 100 MG Injection,583214
8b8257a6-f60c-4b9c-ba2c-f3ec3e4e6bbd,2018-10-09 01:40:05-04:00,Cisplatin 50 MG Injection,1736854
8b8257a6-f60c-4b9c-ba2c-f3ec3e4e6bbd,2018-10-09 01:40:05-04:00,PACLitaxel 100 MG Injection,583214
8b8257a6-f60c-4b9c-ba2c-f3ec3e4e6bbd,2018-11-08 00:40:05-05:00,Cisplatin 50 MG Injection,1736854
8b8257a6-f60c-4b9c-ba2c-f3ec3e4e6bbd,2018-11-08 00:40:05-05:00,PACLitaxel 100 MG Injection,583214
8b8257a6-f60c-4b9c-ba2c-f3ec3e4e6bbd,2018-12-08 00:40:05-05:00,Cisplatin 50 MG Injection,1736854
8b8257a6-f60c-4b9c-ba2c-f3ec3e4e6bbd,2018-12-08 00:40:05-05:00,PACLitaxel 100 MG Injection,583214
8b8257a6-f60c-4b9c-ba2c-f3ec3e4e6bbd,2019-01-10 00:40:05-05:00,Cisplatin 50 MG Injection,1736854
8b8257a6-f60c-4b9c-ba2c-f3ec3e4e6bbd,2019-01-10 00:40:05-05:00,PACLitaxel 100 MG Injection,583214
8b8257a6-f60c-4b9c-ba2c-f3ec3e4e6bbd,2019-02-08 00:40:05-05:00,Cisplatin 50 MG Injection,1736854
8b8257a6-f60c-4b9c-ba2c-f3ec3e4e6bbd,2019-02-08 00:40:05-05:00,PACLitaxel 100 MG Injection,583214
8b8257a6-f60c-4b9c-ba2c-f3ec3e4e6bbd,2019-03-09 00:40:05-05:00,Cisplatin 50 MG Injection,1736854
8b8257a6-f60c-4b9c-ba2c-f3ec3e4e6bbd,2019-03-09 00:40:05-05:00,PACLitaxel 100 MG Injection,583214
8b8257a6-f60c-4b9c-ba2c-f3ec3e4e6bbd,2019-04-11 01:40:05-04:00,Cisplatin 50 MG Injection,1736854
8b8257a6-f60c-4b9c-ba2c-f3ec3e4e6bbd,2019-04-11 01:40:05-04:00,PACLitaxel 100 MG Injection,583214
8b8257a6-f60c-4b9c-ba2c-f3ec3e4e6bbd,2019-05-14 01:40:05-04:00,Cisplatin 50 MG Injection,1736854
8b8257a6-f60c-4b9c-ba2c-f3ec3e4e6bbd,2019-05-14 01:40:05-04:00,PACLitaxel 100 MG Injection,583214
8b8257a6-f60c-4b9c-ba2c-f3ec3e4e6bbd,2019-06-17 01:40:05-04:00,Cisplatin 50 MG Injection,1736854
8b8257a6-f60c-4b9c-ba2c-f3ec3e4e6bbd,2019-06-17 01:40:05-04:00,PACLitaxel 100 MG Injection,583214
8b8257a6-f60c-4b9c-ba2c-f3ec3e4e6bbd,2019-07-15 01:40:05-04:00,Cisplatin 50 MG Injection,1736854
8b8257a6-f60c-4b9c-ba2c-f3ec3e4e6bbd,2019-07-15 01:40:05-04:00,PACLitaxel 100 MG Injection,583214
8b8257a6-f60c-4b9c-ba2c-f3ec3e4e6bbd,2019-08-15 01:40:05-04:00,Cisplatin 50 MG Injection,1736854
8b8257a6-f60c-4b9c-ba2c-f3ec3e4e6bbd,2019-08-15 01:40:05-04:00,PACLitaxel 100 MG Injection,583214
8b8257a6-f60c-4b9c-ba2c-f3ec3e4e6bbd,2019-09-13 01:40:05-04:00,Cisplatin 50 MG Injection,1736854
8b8257a6-f60c-4b9c-ba2c-f3ec3e4e6bbd,2019-09-13 01:40:05-04:00,PACLitaxel 100 MG Injection,583214
8b8257a6-f60c-4b9c-ba2c-f3ec3e4e6bbd,2019-10-14 01:40:05-04:00,Cisplatin 50 MG Injection,1736854
8b8257a6-f60c-4b9c-ba2c-f3ec3e4e6bbd,2019-10-14 01:40:05-04:00,PACLitaxel 100 MG Injection,583214
8b8257a6-f60c-4b9c-ba2c-f3ec3e4e6bbd,2019-11-14 00:40:05-05:00,Cisplatin 50 MG Injection,1736854
8b8257a6-f60c-4b9c-ba2c-f3ec3e4e6bbd,2019-11-14 00:40:05-05:00,PACLitaxel 100 MG Injection,583214
8b8257a6-f60c-4b9c-ba2c-f3ec3e4e6bbd,2019-12-17 00:40:05-05:00,Cisplatin 50 MG Injection,1736854
8b8257a6-f60c-4b9c-ba2c-f3ec3e4e6bbd,2019-12-17 00:40:05-05:00,PACLitaxel 100 MG Injection,583214
8b8257a6-f60c-4b9c-ba2c-f3ec3e4e6bbd,2020-01-19 00:40:05-05:00,Cisplatin 50 MG Injection,1736854
8b8257a6-f60c-4b9c-ba2c-f3ec3e4e6bbd,2020-01-19 00:40:05-05:00,PACLitaxel 100 MG Injection,583214
8b8257a6-f60c-4b9c-ba2c-f3ec3e4e6bbd,2020-02-17 00:40:05-05:00,Cisplatin 50 MG Injection,1736854
8b8257a6-f60c-4b9c-ba2c-f3ec3e4e6bbd,2020-02-17 00:40:05-05:00,PACLitaxel 100 MG Injection,583214
8b8257a6-f60c-4b9c-ba2c-f3ec3e4e6bbd,2020-03-21 01:40:05-04:00,Cisplatin 50 MG Injection,1736854
8b8257a6-f60c-4b9c-ba2c-f3ec3e4e6bbd,2020-03-21 01:40:05-04:00,PACLitaxel 100 MG Injection,583214
01e9a76b-4f6c-4561-961f-6c60257eeb01,2017-12-22 23:22:45-05:00,ondansetron 4 MG in 2 ML Injection,1740467
01e9a76b-4f6c-4561-961f-6c60257eeb01,2017-12-22 23:22:45-05:00,Midazolam 1 MG/ML Injectable Solution,311700
01e9a76b-4f6c-4561-961f-6c60257eeb01,2017-12-22 23:22:45-05:00,propofol 1000 MG in 100 ML Injection,1808217
01e9a76b-4f6c-4561-961f-6c60257eeb01,2017-12-22 23:22:45-05:00,Rocuronium bromide 10 MG/ML Injectable Solution,1234995
01e9a76b-4f6c-4561-961f-6c60257eeb01,2017-12-22 23:22:45-05:00,isoflurane 99.9 % Inhalant Solution,542347
01e9a76b-4f6c-4561-961f-6c60257eeb01,2017-12-22 23:22:45-05:00,remifentanil 2 MG Injection,1729584
015b3196-a167-4e4e-88fc-19a7050dc45c,2013-06-05 18:27:25-04:00,ondansetron 4 MG in 2 ML Injection,1740467
015b3196-a167-4e4e-88fc-19a7050dc45c,2013-06-05 18:27:25-04:00,Midazolam 1 MG/ML Injectable Solution,311700
015b3196-a167-4e4e-88fc-19a7050dc45c,2013-06-05 18:27:25-04:00,propofol 1000 MG in 100 ML Injection,1808217
015b3196-a167-4e4e-88fc-19a7050dc45c,2013-06-05 18:27:25-04:00,Rocuronium bromide 10 MG/ML Injectable Solution,1234995
015b3196-a167-4e4e-88fc-19a7050dc45c,2013-06-05 18:27:25-04:00,desflurane 100 % Inhalant Solution,562366
015b3196-a167-4e4e-88fc-19a7050dc45c,2013-06-05 18:27:25-04:00,remifentanil 2 MG Injection,1729584
1c974939-2574-4ea7-9052-1dbadddfb4ba,2018-01-05 15:48:45-05:00,ondansetron 4 MG in 2 ML Injection,1740467
1c974939-2574-4ea7-9052-1dbadddfb4ba,2018-01-05 15:48:45-05:00,Midazolam 1 MG/ML Injectable Solution,311700
1c974939-2574-4ea7-9052-1dbadddfb4ba,2018-01-05 15:48:45-05:00,propofol 1000 MG in 100 ML Injection,1808217
1c974939-2574-4ea7-9052-1dbadddfb4ba,2018-01-05 15:48:45-05:00,Rocuronium bromide 10 MG/ML Injectable Solution,1234995
1c974939-2574-4ea7-9052-1dbadddfb4ba,2018-01-05 15:48:45-05:00,isoflurane 99.9 % Inhalant Solution,542347
1c974939-2574-4ea7-9052-1dbadddfb4ba,2018-01-05 15:48:45-05:00,SUFentanil 250 MCG per 5 ML Injection,1809104
4863a0be-8ecd-4988-9971-d92158641df3,2011-06-04 05:39:24-04:00,ondansetron 4 MG in 2 ML Injection,1740467
4863a0be-8ecd-4988-9971-d92158641df3,2011-06-04 05:39:24-04:00,Midazolam 1 MG/ML Injectable Solution,311700
4863a0be-8ecd-4988-9971-d92158641df3,2011-06-04 05:39:24-04:00,propofol 1000 MG in 100 ML Injection,1808217
4863a0be-8ecd-4988-9971-d92158641df3,2011-06-04 05:39:24-04:00,Rocuronium bromide 10 MG/ML Injectable Solution,1234995
4863a0be-8ecd-4988-9971-d92158641df3,2011-06-04 05:39:24-04:00,isoflurane 99.9 % Inhalant Solution,542347
4863a0be-8ecd-4988-9971-d92158641df3,2011-06-04 05:39:24-04:00,remifentanil 2 MG Injection,1729584
9cc43977-2b4f-4974-9ad6-307508798b80,2020-02-18 21:19:12-05:00,ondansetron 4 MG in 2 ML Injection,1740467
9cc43977-2b4f-4974-9ad6-307508798b80,2020-02-18 21:19:12-05:00,Midazolam 1 MG/ML Injectable Solution,311700
9cc43977-2b4f-4974-9ad6-307508798b80,2020-02-18 21:19:12-05:00,propofol 1000 MG in 100 ML Injection,1808217
9cc43977-2b4f-4974-9ad6-307508798b80,2020-02-18 21:19:12-05:00,Rocuronium bromide 10 MG/ML Injectable Solution,1234995
9cc43977-2b4f-4974-9ad6-307508798b80,2020-02-18 21:19:12-05:00,isoflurane 99.9 % Inhalant Solution,542347
9cc43977-2b4f-4974-9ad6-307508798b80,2020-02-18 21:19:12-05:00,10 ML Alfentanil 0.5 MG/ML Injection,1723208
9fdd7856-79f9-4e84-9a20-7a4002d7f0ca,2019-03-26 11:31:59-04:00,Cisplatin 50 MG Injection,1736854
9fdd7856-79f9-4e84-9a20-7a4002d7f0ca,2019-03-26 11:31:59-04:00,PACLitaxel 100 MG Injection,583214
9fdd7856-79f9-4e84-9a20-7a4002d7f0ca,2019-04-25 11:31:59-04:00,Cisplatin 50 MG Injection,1736854
9fdd7856-79f9-4e84-9a20-7a4002d7f0ca,2019-04-25 11:31:59-04:00,PACLitaxel 100 MG Injection,583214
9fdd7856-79f9-4e84-9a20-7a4002d7f0ca,2019-05-23 11:31:59-04:00,Cisplatin 50 MG Injection,1736854
9fdd7856-79f9-4e84-9a20-7a4002d7f0ca,2019-05-23 11:31:59-04:00,PACLitaxel 100 MG Injection,583214
9fdd7856-79f9-4e84-9a20-7a4002d7f0ca,2019-06-21 11:31:59-04:00,Cisplatin 50 MG Injection,1736854
9fdd7856-79f9-4e84-9a20-7a4002d7f0ca,2019-06-21 11:31:59-04:00,PACLitaxel 100 MG Injection,583214
9fdd7856-79f9-4e84-9a20-7a4002d7f0ca,2019-07-21 11:31:59-04:00,Cisplatin 50 MG Injection,1736854
9fdd7856-79f9-4e84-9a20-7a4002d7f0ca,2019-07-21 11:31:59-04:00,PACLitaxel 100 MG Injection,583214
9fdd7856-79f9-4e84-9a20-7a4002d7f0ca,2019-08-18 11:31:59-04:00,Cisplatin 50 MG Injection,1736854
9fdd7856-79f9-4e84-9a20-7a4002d7f0ca,2019-08-18 11:31:59-04:00,PACLitaxel 100 MG Injection,583214
9fdd7856-79f9-4e84-9a20-7a4002d7f0ca,2019-09-16 11:31:59-04:00,Cisplatin 50 MG Injection,1736854
9fdd7856-79f9-4e84-9a20-7a4002d7f0ca,2019-09-16 11:31:59-04:00,PACLitaxel 100 MG Injection,583214
9fdd7856-79f9-4e84-9a20-7a4002d7f0ca,2019-10-19 11:31:59-04:00,Cisplatin 50 MG Injection,1736854
9fdd7856-79f9-4e84-9a20-7a4002d7f0ca,2019-10-19 11:31:59-04:00,PACLitaxel 100 MG Injection,583214
9fdd7856-79f9-4e84-9a20-7a4002d7f0ca,2019-11-18 10:31:59-05:00,Cisplatin 50 MG Injection,1736854
9fdd7856-79f9-4e84-9a20-7a4002d7f0ca,2019-11-18 10:31:59-05:00,PACLitaxel 100 MG Injection,583214
9fdd7856-79f9-4e84-9a20-7a4002d7f0ca,2019-12-19 10:31:59-05:00,Cisplatin 50 MG Injection,1736854
9fdd7856-79f9-4e84-9a20-7a4002d7f0ca,2019-12-19 10:31:59-05:00,PACLitaxel 100 MG Injection,583214
9fdd7856-79f9-4e84-9a20-7a4002d7f0ca,2020-01-20 10:31:59-05:00,Cisplatin 50 MG Injection,1736854
9fdd7856-79f9-4e84-9a20-7a4002d7f0ca,2020-01-20 10:31:59-05:00,PACLitaxel 100 MG Injection,583214
9fdd7856-79f9-4e84-9a20-7a4002d7f0ca,2020-02-18 10:31:59-05:00,Cisplatin 50 MG Injection,1736854
9fdd7856-79f9-4e84-9a20-7a4002d7f0ca,2020-02-18 10:31:59-05:00,PACLitaxel 100 MG Injection,583214
9fdd7856-79f9-4e84-9a20-7a4002d7f0ca,2020-03-20 11:31:59-04:00,Cisplatin 50 MG Injection,1736854
9fdd7856-79f9-4e84-9a20-7a4002d7f0ca,2020-03-20 11:31:59-04:00,PACLitaxel 100 MG Injection,583214
c7b01df8-ea3d-499b-9c14-baacad78b883,2011-09-29 17:17:33-04:00,ondansetron 4 MG in 2 ML Injection,1740467
c7b01df8-ea3d-499b-9c14-baacad78b883,2011-09-29 17:17:33-04:00,Midazolam 1 MG/ML Injectable Solution,311700
c7b01df8-ea3d-499b-9c14-baacad78b883,2011-09-29 17:17:33-04:00,propofol 1000 MG in 100 ML Injection,1808217
c7b01df8-ea3d-499b-9c14-baacad78b883,2011-09-29 17:17:33-04:00,Rocuronium bromide 10 MG/ML Injectable Solution,1234995
c7b01df8-ea3d-499b-9c14-baacad78b883,2011-09-29 17:17:33-04:00,isoflurane 99.9 % Inhalant Solution,542347
c7b01df8-ea3d-499b-9c14-baacad78b883,2011-09-29 17:17:33-04:00,10 ML Alfentanil 0.5 MG/ML Injection,1723208
c9ba1cde-8e65-416c-b0d3-14c66f22e22d,2016-01-16 11:16:39-05:00,ondansetron 4 MG in 2 ML Injection,1740467
c9ba1cde-8e65-416c-b0d3-14c66f22e22d,2016-01-16 11:16:39-05:00,Midazolam 1 MG/ML Injectable Solution,311700
c9ba1cde-8e65-416c-b0d3-14c66f22e22d,2016-01-16 11:16:39-05:00,propofol 1000 MG in 100 ML Injection,1808217
c9ba1cde-8e65-416c-b0d3-14c66f22e22d,2016-01-16 11:16:39-05:00,Rocuronium bromide 10 MG/ML Injectable Solution,1234995
c9ba1cde-8e65-416c-b0d3-14c66f22e22d,2016-01-16 11:16:39-05:00,isoflurane 99.9 % Inhalant Solution,542347
c9ba1cde-8e65-416c-b0d3-14c66f22e22d,2016-01-16 11:16:39-05:00,10 ML Alfentanil 0.5 MG/ML Injection,1723208
1fbd8293-5079-4213-a440-e5f10f60d1b4,2012-07-15 22:35:24-04:00,ondansetron 4 MG in 2 ML Injection,1740467
1fbd8293-5079-4213-a440-e5f10f60d1b4,2012-07-15 22:35:24-04:00,Midazolam 1 MG/ML Injectable Solution,311700
1fbd8293-5079-4213-a440-e5f10f60d1b4,2012-07-15 22:35:24-04:00,propofol 1000 MG in 100 ML Injection,1808217
1fbd8293-5079-4213-a440-e5f10f60d1b4,2012-07-15 22:35:24-04:00,Rocuronium bromide 10 MG/ML Injectable Solution,1234995
1fbd8293-5079-4213-a440-e5f10f60d1b4,2012-07-15 22:35:24-04:00,isoflurane 99.9 % Inhalant Solution,542347
1fbd8293-5079-4213-a440-e5f10f60d1b4,2012-07-15 22:35:24-04:00,SUFentanil 250 MCG per 5 ML Injection,1809104
071a2d4a-067d-408b-8695-ad804c2e52f5,2016-09-13 11:45:01-04:00,Cisplatin 50 MG Injection,1736854
071a2d4a-067d-408b-8695-ad804c2e52f5,2016-09-13 11:45:01-04:00,PACLitaxel 100 MG Injection,583214
071a2d4a-067d-408b-8695-ad804c2e52f5,2016-10-16 11:45:01-04:00,Cisplatin 50 MG Injection,1736854
071a2d4a-067d-408b-8695-ad804c2e52f5,2016-10-16 11:45:01-04:00,PACLitaxel 100 MG Injection,583214
071a2d4a-067d-408b-8695-ad804c2e52f5,2016-11-14 10:45:01-05:00,Cisplatin 50 MG Injection,1736854
071a2d4a-067d-408b-8695-ad804c2e52f5,2016-11-14 10:45:01-05:00,PACLitaxel 100 MG Injection,583214
071a2d4a-067d-408b-8695-ad804c2e52f5,2016-12-15 10:45:01-05:00,Cisplatin 50 MG Injection,1736854
071a2d4a-067d-408b-8695-ad804c2e52f5,2016-12-15 10:45:01-05:00,PACLitaxel 100 MG Injection,583214
071a2d4a-067d-408b-8695-ad804c2e52f5,2017-01-18 10:45:01-05:00,Cisplatin 50 MG Injection,1736854
071a2d4a-067d-408b-8695-ad804c2e52f5,2017-01-18 10:45:01-05:00,PACLitaxel 100 MG Injection,583214
071a2d4a-067d-408b-8695-ad804c2e52f5,2017-02-16 10:45:01-05:00,Cisplatin 50 MG Injection,1736854
071a2d4a-067d-408b-8695-ad804c2e52f5,2017-02-16 10:45:01-05:00,PACLitaxel 100 MG Injection,583214
071a2d4a-067d-408b-8695-ad804c2e52f5,2017-03-16 11:45:01-04:00,Cisplatin 50 MG Injection,1736854
071a2d4a-067d-408b-8695-ad804c2e52f5,2017-03-16 11:45:01-04:00,PACLitaxel 100 MG Injection,583214
071a2d4a-067d-408b-8695-ad804c2e52f5,2017-04-19 11:45:01-04:00,Cisplatin 50 MG Injection,1736854
071a2d4a-067d-408b-8695-ad804c2e52f5,2017-04-19 11:45:01-04:00,PACLitaxel 100 MG Injection,583214
071a2d4a-067d-408b-8695-ad804c2e52f5,2017-05-23 11:45:01-04:00,Cisplatin 50 MG Injection,1736854
071a2d4a-067d-408b-8695-ad804c2e52f5,2017-05-23 11:45:01-04:00,PACLitaxel 100 MG Injection,583214
071a2d4a-067d-408b-8695-ad804c2e52f5,2017-06-24 11:45:01-04:00,Cisplatin 50 MG Injection,1736854
071a2d4a-067d-408b-8695-ad804c2e52f5,2017-06-24 11:45:01-04:00,PACLitaxel 100 MG Injection,583214
071a2d4a-067d-408b-8695-ad804c2e52f5,2017-07-26 11:45:01-04:00,Cisplatin 50 MG Injection,1736854
071a2d4a-067d-408b-8695-ad804c2e52f5,2017-07-26 11:45:01-04:00,PACLitaxel 100 MG Injection,583214
071a2d4a-067d-408b-8695-ad804c2e52f5,2017-08-29 11:45:01-04:00,Cisplatin 50 MG Injection,1736854
071a2d4a-067d-408b-8695-ad804c2e52f5,2017-08-29 11:45:01-04:00,PACLitaxel 100 MG Injection,583214
071a2d4a-067d-408b-8695-ad804c2e52f5,2017-09-26 11:45:01-04:00,Cisplatin 50 MG Injection,1736854
071a2d4a-067d-408b-8695-ad804c2e52f5,2017-09-26 11:45:01-04:00,PACLitaxel 100 MG Injection,583214
071a2d4a-067d-408b-8695-ad804c2e52f5,2017-10-27 11:45:01-04:00,Cisplatin 50 MG Injection,1736854
071a2d4a-067d-408b-8695-ad804c2e52f5,2017-10-27 11:45:01-04:00,PACLitaxel 100 MG Injection,583214
071a2d4a-067d-408b-8695-ad804c2e52f5,2017-11-27 10:45:01-05:00,Cisplatin 50 MG Injection,1736854
071a2d4a-067d-408b-8695-ad804c2e52f5,2017-11-27 10:45:01-05:00,PACLitaxel 100 MG Injection,583214
071a2d4a-067d-408b-8695-ad804c2e52f5,2017-12-26 10:45:01-05:00,Cisplatin 50 MG Injection,1736854
071a2d4a-067d-408b-8695-ad804c2e52f5,2017-12-26 10:45:01-05:00,PACLitaxel 100 MG Injection,583214
071a2d4a-067d-408b-8695-ad804c2e52f5,2018-01-25 10:45:01-05:00,Cisplatin 50 MG Injection,1736854
071a2d4a-067d-408b-8695-ad804c2e52f5,2018-01-25 10:45:01-05:00,PACLitaxel 100 MG Injection,583214
071a2d4a-067d-408b-8695-ad804c2e52f5,2018-02-23 10:45:01-05:00,Cisplatin 50 MG Injection,1736854
071a2d4a-067d-408b-8695-ad804c2e52f5,2018-02-23 10:45:01-05:00,PACLitaxel 100 MG Injection,583214
071a2d4a-067d-408b-8695-ad804c2e52f5,2018-03-23 11:45:01-04:00,Cisplatin 50 MG Injection,1736854
071a2d4a-067d-408b-8695-ad804c2e52f5,2018-03-23 11:45:01-04:00,PACLitaxel 100 MG Injection,583214
071a2d4a-067d-408b-8695-ad804c2e52f5,2018-04-24 11:45:01-04:00,Cisplatin 50 MG Injection,1736854
071a2d4a-067d-408b-8695-ad804c2e52f5,2018-04-24 11:45:01-04:00,PACLitaxel 100 MG Injection,583214
071a2d4a-067d-408b-8695-ad804c2e52f5,2018-05-23 11:45:01-04:00,Cisplatin 50 MG Injection,1736854
071a2d4a-067d-408b-8695-ad804c2e52f5,2018-05-23 11:45:01-04:00,PACLitaxel 100 MG Injection,583214
071a2d4a-067d-408b-8695-ad804c2e52f5,2018-06-20 11:45:01-04:00,Cisplatin 50 MG Injection,1736854
071a2d4a-067d-408b-8695-ad804c2e52f5,2018-06-20 11:45:01-04:00,PACLitaxel 100 MG Injection,583214
071a2d4a-067d-408b-8695-ad804c2e52f5,2018-07-23 11:45:01-04:00,Cisplatin 50 MG Injection,1736854
071a2d4a-067d-408b-8695-ad804c2e52f5,2018-07-23 11:45:01-04:00,PACLitaxel 100 MG Injection,583214
071a2d4a-067d-408b-8695-ad804c2e52f5,2018-08-21 11:45:01-04:00,Cisplatin 50 MG Injection,1736854
071a2d4a-067d-408b-8695-ad804c2e52f5,2018-08-21 11:45:01-04:00,PACLitaxel 100 MG Injection,583214
071a2d4a-067d-408b-8695-ad804c2e52f5,2018-09-20 11:45:01-04:00,Cisplatin 50 MG Injection,1736854
071a2d4a-067d-408b-8695-ad804c2e52f5,2018-09-20 11:45:01-04:00,PACLitaxel 100 MG Injection,583214
071a2d4a-067d-408b-8695-ad804c2e52f5,2018-10-19 11:45:01-04:00,Cisplatin 50 MG Injection,1736854
071a2d4a-067d-408b-8695-ad804c2e52f5,2018-10-19 11:45:01-04:00,PACLitaxel 100 MG Injection,583214
071a2d4a-067d-408b-8695-ad804c2e52f5,2018-11-18 10:45:01-05:00,Cisplatin 50 MG Injection,1736854
071a2d4a-067d-408b-8695-ad804c2e52f5,2018-11-18 10:45:01-05:00,PACLitaxel 100 MG Injection,583214
071a2d4a-067d-408b-8695-ad804c2e52f5,2018-12-22 10:45:01-05:00,Cisplatin 50 MG Injection,1736854
071a2d4a-067d-408b-8695-ad804c2e52f5,2018-12-22 10:45:01-05:00,PACLitaxel 100 MG Injection,583214
071a2d4a-067d-408b-8695-ad804c2e52f5,2019-01-20 10:45:01-05:00,Cisplatin 50 MG Injection,1736854
071a2d4a-067d-408b-8695-ad804c2e52f5,2019-01-20 10:45:01-05:00,PACLitaxel 100 MG Injection,583214
071a2d4a-067d-408b-8695-ad804c2e52f5,2019-02-22 10:45:01-05:00,Cisplatin 50 MG Injection,1736854
071a2d4a-067d-408b-8695-ad804c2e52f5,2019-02-22 10:45:01-05:00,PACLitaxel 100 MG Injection,583214
071a2d4a-067d-408b-8695-ad804c2e52f5,2019-03-26 11:45:01-04:00,Cisplatin 50 MG Injection,1736854
071a2d4a-067d-408b-8695-ad804c2e52f5,2019-03-26 11:45:01-04:00,PACLitaxel 100 MG Injection,583214
071a2d4a-067d-408b-8695-ad804c2e52f5,2019-04-24 11:45:01-04:00,Cisplatin 50 MG Injection,1736854
071a2d4a-067d-408b-8695-ad804c2e52f5,2019-04-24 11:45:01-04:00,PACLitaxel 100 MG Injection,583214
071a2d4a-067d-408b-8695-ad804c2e52f5,2019-05-28 11:45:01-04:00,Cisplatin 50 MG Injection,1736854
071a2d4a-067d-408b-8695-ad804c2e52f5,2019-05-28 11:45:01-04:00,PACLitaxel 100 MG Injection,583214
071a2d4a-067d-408b-8695-ad804c2e52f5,2019-06-30 11:45:01-04:00,Cisplatin 50 MG Injection,1736854
071a2d4a-067d-408b-8695-ad804c2e52f5,2019-06-30 11:45:01-04:00,PACLitaxel 100 MG Injection,583214
071a2d4a-067d-408b-8695-ad804c2e52f5,2019-07-30 11:45:01-04:00,Cisplatin 50 MG Injection,1736854
071a2d4a-067d-408b-8695-ad804c2e52f5,2019-07-30 11:45:01-04:00,PACLitaxel 100 MG Injection,583214
071a2d4a-067d-408b-8695-ad804c2e52f5,2019-08-29 11:45:01-04:00,Cisplatin 50 MG Injection,1736854
071a2d4a-067d-408b-8695-ad804c2e52f5,2019-08-29 11:45:01-04:00,PACLitaxel 100 MG Injection,583214
071a2d4a-067d-408b-8695-ad804c2e52f5,2019-10-01 11:45:01-04:00,Cisplatin 50 MG Injection,1736854
071a2d4a-067d-408b-8695-ad804c2e52f5,2019-10-01 11:45:01-04:00,PACLitaxel 100 MG Injection,583214
071a2d4a-067d-408b-8695-ad804c2e52f5,2019-11-01 11:45:01-04:00,Cisplatin 50 MG Injection,1736854
071a2d4a-067d-408b-8695-ad804c2e52f5,2019-11-01 11:45:01-04:00,PACLitaxel 100 MG Injection,583214
071a2d4a-067d-408b-8695-ad804c2e52f5,2019-12-02 10:45:01-05:00,Cisplatin 50 MG Injection,1736854
071a2d4a-067d-408b-8695-ad804c2e52f5,2019-12-02 10:45:01-05:00,PACLitaxel 100 MG Injection,583214
071a2d4a-067d-408b-8695-ad804c2e52f5,2020-01-03 10:45:01-05:00,Cisplatin 50 MG Injection,1736854
071a2d4a-067d-408b-8695-ad804c2e52f5,2020-01-03 10:45:01-05:00,PACLitaxel 100 MG Injection,583214
071a2d4a-067d-408b-8695-ad804c2e52f5,2020-02-05 10:45:01-05:00,Cisplatin 50 MG Injection,1736854
071a2d4a-067d-408b-8695-ad804c2e52f5,2020-02-05 10:45:01-05:00,PACLitaxel 100 MG Injection,583214
071a2d4a-067d-408b-8695-ad804c2e52f5,2020-03-08 11:45:01-04:00,Cisplatin 50 MG Injection,1736854
071a2d4a-067d-408b-8695-ad804c2e52f5,2020-03-08 11:45:01-04:00,PACLitaxel 100 MG Injection,583214
87b0af69-aa06-443d-b837-7be60118449b,2019-04-22 05:40:59-04:00,Cisplatin 50 MG Injection,1736854
87b0af69-aa06-443d-b837-7be60118449b,2019-04-22 05:40:59-04:00,PACLitaxel 100 MG Injection,583214
87b0af69-aa06-443d-b837-7be60118449b,2019-05-21 05:40:59-04:00,Cisplatin 50 MG Injection,1736854
87b0af69-aa06-443d-b837-7be60118449b,2019-05-21 05:40:59-04:00,PACLitaxel 100 MG Injection,583214
87b0af69-aa06-443d-b837-7be60118449b,2019-06-20 05:40:59-04:00,Cisplatin 50 MG Injection,1736854
87b0af69-aa06-443d-b837-7be60118449b,2019-06-20 05:40:59-04:00,PACLitaxel 100 MG Injection,583214
87b0af69-aa06-443d-b837-7be60118449b,2019-07-19 05:40:59-04:00,Cisplatin 50 MG Injection,1736854
87b0af69-aa06-443d-b837-7be60118449b,2019-07-19 05:40:59-04:00,PACLitaxel 100 MG Injection,583214
87b0af69-aa06-443d-b837-7be60118449b,2019-08-17 05:40:59-04:00,Cisplatin 50 MG Injection,1736854
87b0af69-aa06-443d-b837-7be60118449b,2019-08-17 05:40:59-04:00,PACLitaxel 100 MG Injection,583214
87b0af69-aa06-443d-b837-7be60118449b,2019-09-17 05:40:59-04:00,Cisplatin 50 MG Injection,1736854
87b0af69-aa06-443d-b837-7be60118449b,2019-09-17 05:40:59-04:00,PACLitaxel 100 MG Injection,583214
87b0af69-aa06-443d-b837-7be60118449b,2019-10-19 05:40:59-04:00,Cisplatin 50 MG Injection,1736854
87b0af69-aa06-443d-b837-7be60118449b,2019-10-19 05:40:59-04:00,PACLitaxel 100 MG Injection,583214
87b0af69-aa06-443d-b837-7be60118449b,2019-11-19 04:40:59-05:00,Cisplatin 50 MG Injection,1736854
87b0af69-aa06-443d-b837-7be60118449b,2019-11-19 04:40:59-05:00,PACLitaxel 100 MG Injection,583214
87b0af69-aa06-443d-b837-7be60118449b,2019-12-17 04:40:59-05:00,Cisplatin 50 MG Injection,1736854
87b0af69-aa06-443d-b837-7be60118449b,2019-12-17 04:40:59-05:00,PACLitaxel 100 MG Injection,583214
87b0af69-aa06-443d-b837-7be60118449b,2020-01-19 04:40:59-05:00,Cisplatin 50 MG Injection,1736854
87b0af69-aa06-443d-b837-7be60118449b,2020-01-19 04:40:59-05:00,PACLitaxel 100 MG Injection,583214
87b0af69-aa06-443d-b837-7be60118449b,2020-02-22 04:40:59-05:00,Cisplatin 50 MG Injection,1736854
87b0af69-aa06-443d-b837-7be60118449b,2020-02-22 04:40:59-05:00,PACLitaxel 100 MG Injection,583214
87b0af69-aa06-443d-b837-7be60118449b,2020-03-25 05:40:59-04:00,Cisplatin 50 MG Injection,1736854
87b0af69-aa06-443d-b837-7be60118449b,2020-03-25 05:40:59-04:00,PACLitaxel 100 MG Injection,583214
891ec6f5-fed4-4636-b8f7-a2ee9efca8f9,2018-10-08 01:16:07-04:00,Cisplatin 50 MG Injection,1736854
891ec6f5-fed4-4636-b8f7-a2ee9efca8f9,2018-10-08 01:16:07-04:00,PACLitaxel 100 MG Injection,583214
891ec6f5-fed4-4636-b8f7-a2ee9efca8f9,2018-11-10 00:16:07-05:00,Cisplatin 50 MG Injection,1736854
891ec6f5-fed4-4636-b8f7-a2ee9efca8f9,2018-11-10 00:16:07-05:00,PACLitaxel 100 MG Injection,583214
891ec6f5-fed4-4636-b8f7-a2ee9efca8f9,2018-12-13 00:16:07-05:00,Cisplatin 50 MG Injection,1736854
891ec6f5-fed4-4636-b8f7-a2ee9efca8f9,2018-12-13 00:16:07-05:00,PACLitaxel 100 MG Injection,583214
891ec6f5-fed4-4636-b8f7-a2ee9efca8f9,2019-01-10 00:16:07-05:00,Cisplatin 50 MG Injection,1736854
891ec6f5-fed4-4636-b8f7-a2ee9efca8f9,2019-01-10 00:16:07-05:00,PACLitaxel 100 MG Injection,583214
891ec6f5-fed4-4636-b8f7-a2ee9efca8f9,2019-02-09 00:16:07-05:00,Cisplatin 50 MG Injection,1736854
891ec6f5-fed4-4636-b8f7-a2ee9efca8f9,2019-02-09 00:16:07-05:00,PACLitaxel 100 MG Injection,583214
891ec6f5-fed4-4636-b8f7-a2ee9efca8f9,2019-03-10 00:16:07-05:00,Cisplatin 50 MG Injection,1736854
891ec6f5-fed4-4636-b8f7-a2ee9efca8f9,2019-03-10 00:16:07-05:00,PACLitaxel 100 MG Injection,583214
891ec6f5-fed4-4636-b8f7-a2ee9efca8f9,2019-04-08 01:16:07-04:00,Cisplatin 50 MG Injection,1736854
891ec6f5-fed4-4636-b8f7-a2ee9efca8f9,2019-04-08 01:16:07-04:00,PACLitaxel 100 MG Injection,583214
891ec6f5-fed4-4636-b8f7-a2ee9efca8f9,2019-05-12 01:16:07-04:00,Cisplatin 50 MG Injection,1736854
891ec6f5-fed4-4636-b8f7-a2ee9efca8f9,2019-05-12 01:16:07-04:00,PACLitaxel 100 MG Injection,583214
891ec6f5-fed4-4636-b8f7-a2ee9efca8f9,2019-06-15 01:16:07-04:00,Cisplatin 50 MG Injection,1736854
891ec6f5-fed4-4636-b8f7-a2ee9efca8f9,2019-06-15 01:16:07-04:00,PACLitaxel 100 MG Injection,583214
891ec6f5-fed4-4636-b8f7-a2ee9efca8f9,2019-07-19 01:16:07-04:00,Cisplatin 50 MG Injection,1736854
891ec6f5-fed4-4636-b8f7-a2ee9efca8f9,2019-07-19 01:16:07-04:00,PACLitaxel 100 MG Injection,583214
891ec6f5-fed4-4636-b8f7-a2ee9efca8f9,2019-08-22 01:16:07-04:00,Cisplatin 50 MG Injection,1736854
891ec6f5-fed4-4636-b8f7-a2ee9efca8f9,2019-08-22 01:16:07-04:00,PACLitaxel 100 MG Injection,583214
891ec6f5-fed4-4636-b8f7-a2ee9efca8f9,2019-09-21 01:16:07-04:00,Cisplatin 50 MG Injection,1736854
891ec6f5-fed4-4636-b8f7-a2ee9efca8f9,2019-09-21 01:16:07-04:00,PACLitaxel 100 MG Injection,583214
891ec6f5-fed4-4636-b8f7-a2ee9efca8f9,2019-10-21 01:16:07-04:00,Cisplatin 50 MG Injection,1736854
891ec6f5-fed4-4636-b8f7-a2ee9efca8f9,2019-10-21 01:16:07-04:00,PACLitaxel 100 MG Injection,583214
891ec6f5-fed4-4636-b8f7-a2ee9efca8f9,2019-11-19 00:16:07-05:00,Cisplatin 50 MG Injection,1736854
891ec6f5-fed4-4636-b8f7-a2ee9efca8f9,2019-11-19 00:16:07-05:00,PACLitaxel 100 MG Injection,583214
891ec6f5-fed4-4636-b8f7-a2ee9efca8f9,2019-12-20 00:16:07-05:00,Cisplatin 50 MG Injection,1736854
891ec6f5-fed4-4636-b8f7-a2ee9efca8f9,2019-12-20 00:16:07-05:00,PACLitaxel 100 MG Injection,583214
891ec6f5-fed4-4636-b8f7-a2ee9efca8f9,2020-01-22 00:16:07-05:00,Cisplatin 50 MG Injection,1736854
891ec6f5-fed4-4636-b8f7-a2ee9efca8f9,2020-01-22 00:16:07-05:00,PACLitaxel 100 MG Injection,583214
891ec6f5-fed4-4636-b8f7-a2ee9efca8f9,2020-02-25 00:16:07-05:00,Cisplatin 50 MG Injection,1736854
891ec6f5-fed4-4636-b8f7-a2ee9efca8f9,2020-02-25 00:16:07-05:00,PACLitaxel 100 MG Injection,583214
891ec6f5-fed4-4636-b8f7-a2ee9efca8f9,2020-03-29 01:16:07-04:00,Cisplatin 50 MG Injection,1736854
891ec6f5-fed4-4636-b8f7-a2ee9efca8f9,2020-03-29 01:16:07-04:00,PACLitaxel 100 MG Injection,583214
a220c369-cbf0-4e5c-add2-f38f14a7f694,2018-10-10 05:43:54-04:00,Cisplatin 50 MG Injection,1736854
a220c369-cbf0-4e5c-add2-f38f14a7f694,2018-10-10 05:43:54-04:00,PACLitaxel 100 MG Injection,583214
a220c369-cbf0-4e5c-add2-f38f14a7f694,2018-11-10 04:43:54-05:00,Cisplatin 50 MG Injection,1736854
a220c369-cbf0-4e5c-add2-f38f14a7f694,2018-11-10 04:43:54-05:00,PACLitaxel 100 MG Injection,583214
a220c369-cbf0-4e5c-add2-f38f14a7f694,2018-12-12 04:43:54-05:00,Cisplatin 50 MG Injection,1736854
a220c369-cbf0-4e5c-add2-f38f14a7f694,2018-12-12 04:43:54-05:00,PACLitaxel 100 MG Injection,583214
a220c369-cbf0-4e5c-add2-f38f14a7f694,2019-01-15 04:43:54-05:00,Cisplatin 50 MG Injection,1736854
a220c369-cbf0-4e5c-add2-f38f14a7f694,2019-01-15 04:43:54-05:00,PACLitaxel 100 MG Injection,583214
a220c369-cbf0-4e5c-add2-f38f14a7f694,2019-02-13 04:43:54-05:00,Cisplatin 50 MG Injection,1736854
a220c369-cbf0-4e5c-add2-f38f14a7f694,2019-02-13 04:43:54-05:00,PACLitaxel 100 MG Injection,583214
a220c369-cbf0-4e5c-add2-f38f14a7f694,2019-03-17 05:43:54-04:00,Cisplatin 50 MG Injection,1736854
a220c369-cbf0-4e5c-add2-f38f14a7f694,2019-03-17 05:43:54-04:00,PACLitaxel 100 MG Injection,583214
a220c369-cbf0-4e5c-add2-f38f14a7f694,2019-04-20 05:43:54-04:00,Cisplatin 50 MG Injection,1736854
a220c369-cbf0-4e5c-add2-f38f14a7f694,2019-04-20 05:43:54-04:00,PACLitaxel 100 MG Injection,583214
a220c369-cbf0-4e5c-add2-f38f14a7f694,2019-05-23 05:43:54-04:00,Cisplatin 50 MG Injection,1736854
a220c369-cbf0-4e5c-add2-f38f14a7f694,2019-05-23 05:43:54-04:00,PACLitaxel 100 MG Injection,583214
a220c369-cbf0-4e5c-add2-f38f14a7f694,2019-06-23 05:43:54-04:00,Cisplatin 50 MG Injection,1736854
a220c369-cbf0-4e5c-add2-f38f14a7f694,2019-06-23 05:43:54-04:00,PACLitaxel 100 MG Injection,583214
a220c369-cbf0-4e5c-add2-f38f14a7f694,2019-07-24 05:43:54-04:00,Cisplatin 50 MG Injection,1736854
a220c369-cbf0-4e5c-add2-f38f14a7f694,2019-07-24 05:43:54-04:00,PACLitaxel 100 MG Injection,583214
a220c369-cbf0-4e5c-add2-f38f14a7f694,2019-08-21 05:43:54-04:00,Cisplatin 50 MG Injection,1736854
a220c369-cbf0-4e5c-add2-f38f14a7f694,2019-08-21 05:43:54-04:00,PACLitaxel 100 MG Injection,583214
a220c369-cbf0-4e5c-add2-f38f14a7f694,2019-09-21 05:43:54-04:00,Cisplatin 50 MG Injection,1736854
a220c369-cbf0-4e5c-add2-f38f14a7f694,2019-09-21 05:43:54-04:00,PACLitaxel 100 MG Injection,583214
a220c369-cbf0-4e5c-add2-f38f14a7f694,2019-10-24 05:43:54-04:00,Cisplatin 50 MG Injection,1736854
a220c369-cbf0-4e5c-add2-f38f14a7f694,2019-10-24 05:43:54-04:00,PACLitaxel 100 MG Injection,583214
a220c369-cbf0-4e5c-add2-f38f14a7f694,2019-11-25 04:43:54-05:00,Cisplatin 50 MG Injection,1736854
a220c369-cbf0-4e5c-add2-f38f14a7f694,2019-11-25 04:43:54-05:00,PACLitaxel 100 MG Injection,583214
a220c369-cbf0-4e5c-add2-f38f14a7f694,2019-12-27 04:43:54-05:00,Cisplatin 50 MG Injection,1736854
a220c369-cbf0-4e5c-add2-f38f14a7f694,2019-12-27 04:43:54-05:00,PACLitaxel 100 MG Injection,583214
a220c369-cbf0-4e5c-add2-f38f14a7f694,2020-01-25 04:43:54-05:00,Cisplatin 50 MG Injection,1736854
a220c369-cbf0-4e5c-add2-f38f14a7f694,2020-01-25 04:43:54-05:00,PACLitaxel 100 MG Injection,583214
a220c369-cbf0-4e5c-add2-f38f14a7f694,2020-02-24 04:43:54-05:00,Cisplatin 50 MG Injection,1736854
a220c369-cbf0-4e5c-add2-f38f14a7f694,2020-02-24 04:43:54-05:00,PACLitaxel 100 MG Injection,583214
a220c369-cbf0-4e5c-add2-f38f14a7f694,2020-03-23 05:43:54-04:00,Cisplatin 50 MG Injection,1736854
a220c369-cbf0-4e5c-add2-f38f14a7f694,2020-03-23 05:43:54-04:00,PACLitaxel 100 MG Injection,583214
5c4310d1-e8cc-43f3-9a96-3f5103b0ca50,2018-06-11 03:35:08-04:00,ondansetron 4 MG in 2 ML Injection,1740467
5c4310d1-e8cc-43f3-9a96-3f5103b0ca50,2018-06-11 03:35:08-04:00,Midazolam 1 MG/ML Injectable Solution,311700
5c4310d1-e8cc-43f3-9a96-3f5103b0ca50,2018-06-11 03:35:08-04:00,propofol 1000 MG in 100 ML Injection,1808217
5c4310d1-e8cc-43f3-9a96-3f5103b0ca50,2018-06-11 03:35:08-04:00,Rocuronium bromide 10 MG/ML Injectable Solution,1234995
5c4310d1-e8cc-43f3-9a96-3f5103b0ca50,2018-06-11 03:35:08-04:00,isoflurane 99.9 % Inhalant Solution,542347
5c4310d1-e8cc-43f3-9a96-3f5103b0ca50,2018-06-11 03:35:08-04:00,SUFentanil 250 MCG per 5 ML Injection,1809104
f0473736-9c1f-4aa2-9172-8f6487342591,2018-08-31 04:51:15-04:00,Cisplatin 50 MG Injection,1736854
f0473736-9c1f-4aa2-9172-8f6487342591,2018-08-31 04:51:15-04:00,Etoposide 100 MG Injection,1734340
f0473736-9c1f-4aa2-9172-8f6487342591,2018-09-22 04:51:15-04:00,Cisplatin 50 MG Injection,1736854
f0473736-9c1f-4aa2-9172-8f6487342591,2018-09-22 04:51:15-04:00,Etoposide 100 MG Injection,1734340
f0473736-9c1f-4aa2-9172-8f6487342591,2018-10-17 04:51:15-04:00,Cisplatin 50 MG Injection,1736854
f0473736-9c1f-4aa2-9172-8f6487342591,2018-10-17 04:51:15-04:00,Etoposide 100 MG Injection,1734340
f0473736-9c1f-4aa2-9172-8f6487342591,2018-11-09 03:51:15-05:00,Cisplatin 50 MG Injection,1736854
f0473736-9c1f-4aa2-9172-8f6487342591,2018-11-09 03:51:15-05:00,Etoposide 100 MG Injection,1734340
f0473736-9c1f-4aa2-9172-8f6487342591,2018-12-02 03:51:15-05:00,Cisplatin 50 MG Injection,1736854
f0473736-9c1f-4aa2-9172-8f6487342591,2018-12-02 03:51:15-05:00,Etoposide 100 MG Injection,1734340
f0473736-9c1f-4aa2-9172-8f6487342591,2018-12-28 03:51:15-05:00,Cisplatin 50 MG Injection,1736854
f0473736-9c1f-4aa2-9172-8f6487342591,2018-12-28 03:51:15-05:00,Etoposide 100 MG Injection,1734340
f0473736-9c1f-4aa2-9172-8f6487342591,2019-01-21 03:51:15-05:00,Cisplatin 50 MG Injection,1736854
f0473736-9c1f-4aa2-9172-8f6487342591,2019-01-21 03:51:15-05:00,Etoposide 100 MG Injection,1734340
f0473736-9c1f-4aa2-9172-8f6487342591,2019-02-11 03:51:15-05:00,Cisplatin 50 MG Injection,1736854
f0473736-9c1f-4aa2-9172-8f6487342591,2019-02-11 03:51:15-05:00,Etoposide 100 MG Injection,1734340
f0473736-9c1f-4aa2-9172-8f6487342591,2019-03-09 03:51:15-05:00,Cisplatin 50 MG Injection,1736854
f0473736-9c1f-4aa2-9172-8f6487342591,2019-03-09 03:51:15-05:00,Etoposide 100 MG Injection,1734340
f0473736-9c1f-4aa2-9172-8f6487342591,2019-04-01 04:51:15-04:00,Cisplatin 50 MG Injection,1736854
f0473736-9c1f-4aa2-9172-8f6487342591,2019-04-01 04:51:15-04:00,Etoposide 100 MG Injection,1734340
f0473736-9c1f-4aa2-9172-8f6487342591,2019-04-23 04:51:15-04:00,Cisplatin 50 MG Injection,1736854
f0473736-9c1f-4aa2-9172-8f6487342591,2019-04-23 04:51:15-04:00,Etoposide 100 MG Injection,1734340
f0473736-9c1f-4aa2-9172-8f6487342591,2019-05-14 04:51:15-04:00,Cisplatin 50 MG Injection,1736854
f0473736-9c1f-4aa2-9172-8f6487342591,2019-05-14 04:51:15-04:00,Etoposide 100 MG Injection,1734340
f0473736-9c1f-4aa2-9172-8f6487342591,2019-06-05 04:51:15-04:00,Cisplatin 50 MG Injection,1736854
f0473736-9c1f-4aa2-9172-8f6487342591,2019-06-05 04:51:15-04:00,Etoposide 100 MG Injection,1734340
f0473736-9c1f-4aa2-9172-8f6487342591,2019-06-28 04:51:15-04:00,Cisplatin 50 MG Injection,1736854
f0473736-9c1f-4aa2-9172-8f6487342591,2019-06-28 04:51:15-04:00,Etoposide 100 MG Injection,1734340
f0473736-9c1f-4aa2-9172-8f6487342591,2019-07-24 04:51:15-04:00,Cisplatin 50 MG Injection,1736854
f0473736-9c1f-4aa2-9172-8f6487342591,2019-07-24 04:51:15-04:00,Etoposide 100 MG Injection,1734340
f0473736-9c1f-4aa2-9172-8f6487342591,2019-08-16 04:51:15-04:00,Cisplatin 50 MG Injection,1736854
f0473736-9c1f-4aa2-9172-8f6487342591,2019-08-16 04:51:15-04:00,Etoposide 100 MG Injection,1734340
f0473736-9c1f-4aa2-9172-8f6487342591,2019-09-07 04:51:15-04:00,Cisplatin 50 MG Injection,1736854
f0473736-9c1f-4aa2-9172-8f6487342591,2019-09-07 04:51:15-04:00,Etoposide 100 MG Injection,1734340
f0473736-9c1f-4aa2-9172-8f6487342591,2019-10-04 04:51:15-04:00,Cisplatin 50 MG Injection,1736854
f0473736-9c1f-4aa2-9172-8f6487342591,2019-10-04 04:51:15-04:00,Etoposide 100 MG Injection,1734340
f0473736-9c1f-4aa2-9172-8f6487342591,2019-10-25 04:51:15-04:00,Cisplatin 50 MG Injection,1736854
f0473736-9c1f-4aa2-9172-8f6487342591,2019-10-25 04:51:15-04:00,Etoposide 100 MG Injection,1734340
f0473736-9c1f-4aa2-9172-8f6487342591,2019-11-16 03:51:15-05:00,Cisplatin 50 MG Injection,1736854
f0473736-9c1f-4aa2-9172-8f6487342591,2019-11-16 03:51:15-05:00,Etoposide 100 MG Injection,1734340
f0473736-9c1f-4aa2-9172-8f6487342591,2019-12-07 03:51:15-05:00,Cisplatin 50 MG Injection,1736854
f0473736-9c1f-4aa2-9172-8f6487342591,2019-12-07 03:51:15-05:00,Etoposide 100 MG Injection,1734340
f0473736-9c1f-4aa2-9172-8f6487342591,2019-12-30 03:51:15-05:00,Cisplatin 50 MG Injection,1736854
f0473736-9c1f-4aa2-9172-8f6487342591,2019-12-30 03:51:15-05:00,Etoposide 100 MG Injection,1734340
f0473736-9c1f-4aa2-9172-8f6487342591,2020-01-23 03:51:15-05:00,Cisplatin 50 MG Injection,1736854
f0473736-9c1f-4aa2-9172-8f6487342591,2020-01-23 03:51:15-05:00,Etoposide 100 MG Injection,1734340
f0473736-9c1f-4aa2-9172-8f6487342591,2020-02-19 03:51:15-05:00,Cisplatin 50 MG Injection,1736854
f0473736-9c1f-4aa2-9172-8f6487342591,2020-02-19 03:51:15-05:00,Etoposide 100 MG Injection,1734340
f0473736-9c1f-4aa2-9172-8f6487342591,2020-03-14 04:51:15-04:00,Cisplatin 50 MG Injection,1736854
f0473736-9c1f-4aa2-9172-8f6487342591,2020-03-14 04:51:15-04:00,Etoposide 100 MG Injection,1734340
c19da04b-7e63-49b1-a03d-f6d42c44c662,2018-10-22 17:49:29-04:00,Cisplatin 50 MG Injection,1736854
c19da04b-7e63-49b1-a03d-f6d42c44c662,2018-10-22 17:49:29-04:00,PACLitaxel 100 MG Injection,583214
c19da04b-7e63-49b1-a03d-f6d42c44c662,2018-11-19 16:49:29-05:00,Cisplatin 50 MG Injection,1736854
c19da04b-7e63-49b1-a03d-f6d42c44c662,2018-11-19 16:49:29-05:00,PACLitaxel 100 MG Injection,583214
c19da04b-7e63-49b1-a03d-f6d42c44c662,2018-12-21 16:49:29-05:00,Cisplatin 50 MG Injection,1736854
c19da04b-7e63-49b1-a03d-f6d42c44c662,2018-12-21 16:49:29-05:00,PACLitaxel 100 MG Injection,583214
c19da04b-7e63-49b1-a03d-f6d42c44c662,2019-01-20 16:49:29-05:00,Cisplatin 50 MG Injection,1736854
c19da04b-7e63-49b1-a03d-f6d42c44c662,2019-01-20 16:49:29-05:00,PACLitaxel 100 MG Injection,583214
c19da04b-7e63-49b1-a03d-f6d42c44c662,2019-02-21 16:49:29-05:00,Cisplatin 50 MG Injection,1736854
c19da04b-7e63-49b1-a03d-f6d42c44c662,2019-02-21 16:49:29-05:00,PACLitaxel 100 MG Injection,583214
c19da04b-7e63-49b1-a03d-f6d42c44c662,2019-03-23 17:49:29-04:00,Cisplatin 50 MG Injection,1736854
c19da04b-7e63-49b1-a03d-f6d42c44c662,2019-03-23 17:49:29-04:00,PACLitaxel 100 MG Injection,583214
c19da04b-7e63-49b1-a03d-f6d42c44c662,2019-04-23 17:49:29-04:00,Cisplatin 50 MG Injection,1736854
c19da04b-7e63-49b1-a03d-f6d42c44c662,2019-04-23 17:49:29-04:00,PACLitaxel 100 MG Injection,583214
c19da04b-7e63-49b1-a03d-f6d42c44c662,2019-05-21 17:49:29-04:00,Cisplatin 50 MG Injection,1736854
c19da04b-7e63-49b1-a03d-f6d42c44c662,2019-05-21 17:49:29-04:00,PACLitaxel 100 MG Injection,583214
c19da04b-7e63-49b1-a03d-f6d42c44c662,2019-06-24 17:49:29-04:00,Cisplatin 50 MG Injection,1736854
c19da04b-7e63-49b1-a03d-f6d42c44c662,2019-06-24 17:49:29-04:00,PACLitaxel 100 MG Injection,583214
c19da04b-7e63-49b1-a03d-f6d42c44c662,2019-07-23 17:49:29-04:00,Cisplatin 50 MG Injection,1736854
c19da04b-7e63-49b1-a03d-f6d42c44c662,2019-07-23 17:49:29-04:00,PACLitaxel 100 MG Injection,583214
c19da04b-7e63-49b1-a03d-f6d42c44c662,2019-08-26 17:49:29-04:00,Cisplatin 50 MG Injection,1736854
c19da04b-7e63-49b1-a03d-f6d42c44c662,2019-08-26 17:49:29-04:00,PACLitaxel 100 MG Injection,583214
c19da04b-7e63-49b1-a03d-f6d42c44c662,2019-09-25 17:49:29-04:00,Cisplatin 50 MG Injection,1736854
c19da04b-7e63-49b1-a03d-f6d42c44c662,2019-09-25 17:49:29-04:00,PACLitaxel 100 MG Injection,583214
c19da04b-7e63-49b1-a03d-f6d42c44c662,2019-10-29 17:49:29-04:00,Cisplatin 50 MG Injection,1736854
c19da04b-7e63-49b1-a03d-f6d42c44c662,2019-10-29 17:49:29-04:00,PACLitaxel 100 MG Injection,583214
c19da04b-7e63-49b1-a03d-f6d42c44c662,2019-11-30 16:49:29-05:00,Cisplatin 50 MG Injection,1736854
c19da04b-7e63-49b1-a03d-f6d42c44c662,2019-11-30 16:49:29-05:00,PACLitaxel 100 MG Injection,583214
c19da04b-7e63-49b1-a03d-f6d42c44c662,2020-01-02 16:49:29-05:00,Cisplatin 50 MG Injection,1736854
c19da04b-7e63-49b1-a03d-f6d42c44c662,2020-01-02 16:49:29-05:00,PACLitaxel 100 MG Injection,583214
c19da04b-7e63-49b1-a03d-f6d42c44c662,2020-02-05 16:49:29-05:00,Cisplatin 50 MG Injection,1736854
c19da04b-7e63-49b1-a03d-f6d42c44c662,2020-02-05 16:49:29-05:00,PACLitaxel 100 MG Injection,583214
c19da04b-7e63-49b1-a03d-f6d42c44c662,2020-03-06 16:49:29-05:00,Cisplatin 50 MG Injection,1736854
c19da04b-7e63-49b1-a03d-f6d42c44c662,2020-03-06 16:49:29-05:00,PACLitaxel 100 MG Injection,583214
379dbba1-f55e-4909-8ce1-91af874753ee,2019-03-04 19:15:12-05:00,Cisplatin 50 MG Injection,1736854
379dbba1-f55e-4909-8ce1-91af874753ee,2019-03-04 19:15:12-05:00,PACLitaxel 100 MG Injection,583214
379dbba1-f55e-4909-8ce1-91af874753ee,2019-04-06 20:15:12-04:00,Cisplatin 50 MG Injection,1736854
379dbba1-f55e-4909-8ce1-91af874753ee,2019-04-06 20:15:12-04:00,PACLitaxel 100 MG Injection,583214
379dbba1-f55e-4909-8ce1-91af874753ee,2019-05-05 20:15:12-04:00,Cisplatin 50 MG Injection,1736854
379dbba1-f55e-4909-8ce1-91af874753ee,2019-05-05 20:15:12-04:00,PACLitaxel 100 MG Injection,583214
379dbba1-f55e-4909-8ce1-91af874753ee,2019-06-04 20:15:12-04:00,Cisplatin 50 MG Injection,1736854
379dbba1-f55e-4909-8ce1-91af874753ee,2019-06-04 20:15:12-04:00,PACLitaxel 100 MG Injection,583214
379dbba1-f55e-4909-8ce1-91af874753ee,2019-07-02 20:15:12-04:00,Cisplatin 50 MG Injection,1736854
379dbba1-f55e-4909-8ce1-91af874753ee,2019-07-02 20:15:12-04:00,PACLitaxel 100 MG Injection,583214
379dbba1-f55e-4909-8ce1-91af874753ee,2019-08-04 20:15:12-04:00,Cisplatin 50 MG Injection,1736854
379dbba1-f55e-4909-8ce1-91af874753ee,2019-08-04 20:15:12-04:00,PACLitaxel 100 MG Injection,583214
379dbba1-f55e-4909-8ce1-91af874753ee,2019-09-03 20:15:12-04:00,Cisplatin 50 MG Injection,1736854
379dbba1-f55e-4909-8ce1-91af874753ee,2019-09-03 20:15:12-04:00,PACLitaxel 100 MG Injection,583214
379dbba1-f55e-4909-8ce1-91af874753ee,2019-10-05 20:15:12-04:00,Cisplatin 50 MG Injection,1736854
379dbba1-f55e-4909-8ce1-91af874753ee,2019-10-05 20:15:12-04:00,PACLitaxel 100 MG Injection,583214
379dbba1-f55e-4909-8ce1-91af874753ee,2019-11-08 19:15:12-05:00,Cisplatin 50 MG Injection,1736854
379dbba1-f55e-4909-8ce1-91af874753ee,2019-11-08 19:15:12-05:00,PACLitaxel 100 MG Injection,583214
379dbba1-f55e-4909-8ce1-91af874753ee,2019-12-11 19:15:12-05:00,Cisplatin 50 MG Injection,1736854
379dbba1-f55e-4909-8ce1-91af874753ee,2019-12-11 19:15:12-05:00,PACLitaxel 100 MG Injection,583214
379dbba1-f55e-4909-8ce1-91af874753ee,2020-01-11 19:15:12-05:00,Cisplatin 50 MG Injection,1736854
379dbba1-f55e-4909-8ce1-91af874753ee,2020-01-11 19:15:12-05:00,PACLitaxel 100 MG Injection,583214
379dbba1-f55e-4909-8ce1-91af874753ee,2020-02-11 19:15:12-05:00,Cisplatin 50 MG Injection,1736854
379dbba1-f55e-4909-8ce1-91af874753ee,2020-02-11 19:15:12-05:00,PACLitaxel 100 MG Injection,583214
379dbba1-f55e-4909-8ce1-91af874753ee,2020-03-11 20:15:12-04:00,Cisplatin 50 MG Injection,1736854
379dbba1-f55e-4909-8ce1-91af874753ee,2020-03-11 20:15:12-04:00,PACLitaxel 100 MG Injection,583214
76182c4c-4763-44f6-942b-29f4e97ded4d,2017-08-31 13:49:55-04:00,Cisplatin 50 MG Injection,1736854
76182c4c-4763-44f6-942b-29f4e97ded4d,2017-08-31 13:49:55-04:00,Etoposide 100 MG Injection,1734340
76182c4c-4763-44f6-942b-29f4e97ded4d,2017-09-23 13:49:55-04:00,Cisplatin 50 MG Injection,1736854
76182c4c-4763-44f6-942b-29f4e97ded4d,2017-09-23 13:49:55-04:00,Etoposide 100 MG Injection,1734340
76182c4c-4763-44f6-942b-29f4e97ded4d,2017-10-17 13:49:55-04:00,Cisplatin 50 MG Injection,1736854
76182c4c-4763-44f6-942b-29f4e97ded4d,2017-10-17 13:49:55-04:00,Etoposide 100 MG Injection,1734340
76182c4c-4763-44f6-942b-29f4e97ded4d,2017-11-08 12:49:55-05:00,Cisplatin 50 MG Injection,1736854
76182c4c-4763-44f6-942b-29f4e97ded4d,2017-11-08 12:49:55-05:00,Etoposide 100 MG Injection,1734340
76182c4c-4763-44f6-942b-29f4e97ded4d,2017-12-01 12:49:55-05:00,Cisplatin 50 MG Injection,1736854
76182c4c-4763-44f6-942b-29f4e97ded4d,2017-12-01 12:49:55-05:00,Etoposide 100 MG Injection,1734340
76182c4c-4763-44f6-942b-29f4e97ded4d,2017-12-23 12:49:55-05:00,Cisplatin 50 MG Injection,1736854
76182c4c-4763-44f6-942b-29f4e97ded4d,2017-12-23 12:49:55-05:00,Etoposide 100 MG Injection,1734340
76182c4c-4763-44f6-942b-29f4e97ded4d,2018-01-14 12:49:55-05:00,Cisplatin 50 MG Injection,1736854
76182c4c-4763-44f6-942b-29f4e97ded4d,2018-01-14 12:49:55-05:00,Etoposide 100 MG Injection,1734340
76182c4c-4763-44f6-942b-29f4e97ded4d,2018-02-10 12:49:55-05:00,Cisplatin 50 MG Injection,1736854
76182c4c-4763-44f6-942b-29f4e97ded4d,2018-02-10 12:49:55-05:00,Etoposide 100 MG Injection,1734340
76182c4c-4763-44f6-942b-29f4e97ded4d,2018-03-06 12:49:55-05:00,Cisplatin 50 MG Injection,1736854
76182c4c-4763-44f6-942b-29f4e97ded4d,2018-03-06 12:49:55-05:00,Etoposide 100 MG Injection,1734340
76182c4c-4763-44f6-942b-29f4e97ded4d,2018-03-27 13:49:55-04:00,Cisplatin 50 MG Injection,1736854
76182c4c-4763-44f6-942b-29f4e97ded4d,2018-03-27 13:49:55-04:00,Etoposide 100 MG Injection,1734340
76182c4c-4763-44f6-942b-29f4e97ded4d,2018-04-18 13:49:55-04:00,Cisplatin 50 MG Injection,1736854
76182c4c-4763-44f6-942b-29f4e97ded4d,2018-04-18 13:49:55-04:00,Etoposide 100 MG Injection,1734340
76182c4c-4763-44f6-942b-29f4e97ded4d,2018-05-14 13:49:55-04:00,Cisplatin 50 MG Injection,1736854
76182c4c-4763-44f6-942b-29f4e97ded4d,2018-05-14 13:49:55-04:00,Etoposide 100 MG Injection,1734340
76182c4c-4763-44f6-942b-29f4e97ded4d,2018-06-07 13:49:55-04:00,Cisplatin 50 MG Injection,1736854
76182c4c-4763-44f6-942b-29f4e97ded4d,2018-06-07 13:49:55-04:00,Etoposide 100 MG Injection,1734340
76182c4c-4763-44f6-942b-29f4e97ded4d,2018-07-01 13:49:55-04:00,Cisplatin 50 MG Injection,1736854
76182c4c-4763-44f6-942b-29f4e97ded4d,2018-07-01 13:49:55-04:00,Etoposide 100 MG Injection,1734340
76182c4c-4763-44f6-942b-29f4e97ded4d,2018-07-28 13:49:55-04:00,Cisplatin 50 MG Injection,1736854
76182c4c-4763-44f6-942b-29f4e97ded4d,2018-07-28 13:49:55-04:00,Etoposide 100 MG Injection,1734340
76182c4c-4763-44f6-942b-29f4e97ded4d,2018-08-20 13:49:55-04:00,Cisplatin 50 MG Injection,1736854
76182c4c-4763-44f6-942b-29f4e97ded4d,2018-08-20 13:49:55-04:00,Etoposide 100 MG Injection,1734340
76182c4c-4763-44f6-942b-29f4e97ded4d,2018-09-14 13:49:55-04:00,Cisplatin 50 MG Injection,1736854
76182c4c-4763-44f6-942b-29f4e97ded4d,2018-09-14 13:49:55-04:00,Etoposide 100 MG Injection,1734340
76182c4c-4763-44f6-942b-29f4e97ded4d,2018-10-11 13:49:55-04:00,Cisplatin 50 MG Injection,1736854
76182c4c-4763-44f6-942b-29f4e97ded4d,2018-10-11 13:49:55-04:00,Etoposide 100 MG Injection,1734340
76182c4c-4763-44f6-942b-29f4e97ded4d,2018-11-05 12:49:55-05:00,Cisplatin 50 MG Injection,1736854
76182c4c-4763-44f6-942b-29f4e97ded4d,2018-11-05 12:49:55-05:00,Etoposide 100 MG Injection,1734340
76182c4c-4763-44f6-942b-29f4e97ded4d,2018-11-27 12:49:55-05:00,Cisplatin 50 MG Injection,1736854
76182c4c-4763-44f6-942b-29f4e97ded4d,2018-11-27 12:49:55-05:00,Etoposide 100 MG Injection,1734340
76182c4c-4763-44f6-942b-29f4e97ded4d,2018-12-19 12:49:55-05:00,Cisplatin 50 MG Injection,1736854
76182c4c-4763-44f6-942b-29f4e97ded4d,2018-12-19 12:49:55-05:00,Etoposide 100 MG Injection,1734340
76182c4c-4763-44f6-942b-29f4e97ded4d,2019-01-10 12:49:55-05:00,Cisplatin 50 MG Injection,1736854
76182c4c-4763-44f6-942b-29f4e97ded4d,2019-01-10 12:49:55-05:00,Etoposide 100 MG Injection,1734340
76182c4c-4763-44f6-942b-29f4e97ded4d,2019-01-31 12:49:55-05:00,Cisplatin 50 MG Injection,1736854
76182c4c-4763-44f6-942b-29f4e97ded4d,2019-01-31 12:49:55-05:00,Etoposide 100 MG Injection,1734340
76182c4c-4763-44f6-942b-29f4e97ded4d,2019-02-23 12:49:55-05:00,Cisplatin 50 MG Injection,1736854
76182c4c-4763-44f6-942b-29f4e97ded4d,2019-02-23 12:49:55-05:00,Etoposide 100 MG Injection,1734340
76182c4c-4763-44f6-942b-29f4e97ded4d,2019-03-17 13:49:55-04:00,Cisplatin 50 MG Injection,1736854
76182c4c-4763-44f6-942b-29f4e97ded4d,2019-03-17 13:49:55-04:00,Etoposide 100 MG Injection,1734340
76182c4c-4763-44f6-942b-29f4e97ded4d,2019-04-07 13:49:55-04:00,Cisplatin 50 MG Injection,1736854
76182c4c-4763-44f6-942b-29f4e97ded4d,2019-04-07 13:49:55-04:00,Etoposide 100 MG Injection,1734340
76182c4c-4763-44f6-942b-29f4e97ded4d,2019-05-04 13:49:55-04:00,Cisplatin 50 MG Injection,1736854
76182c4c-4763-44f6-942b-29f4e97ded4d,2019-05-04 13:49:55-04:00,Etoposide 100 MG Injection,1734340
76182c4c-4763-44f6-942b-29f4e97ded4d,2019-05-27 13:49:55-04:00,Cisplatin 50 MG Injection,1736854
76182c4c-4763-44f6-942b-29f4e97ded4d,2019-05-27 13:49:55-04:00,Etoposide 100 MG Injection,1734340
76182c4c-4763-44f6-942b-29f4e97ded4d,2019-06-20 13:49:55-04:00,Cisplatin 50 MG Injection,1736854
76182c4c-4763-44f6-942b-29f4e97ded4d,2019-06-20 13:49:55-04:00,Etoposide 100 MG Injection,1734340
76182c4c-4763-44f6-942b-29f4e97ded4d,2019-07-15 13:49:55-04:00,Cisplatin 50 MG Injection,1736854
76182c4c-4763-44f6-942b-29f4e97ded4d,2019-07-15 13:49:55-04:00,Etoposide 100 MG Injection,1734340
76182c4c-4763-44f6-942b-29f4e97ded4d,2019-08-08 13:49:55-04:00,Cisplatin 50 MG Injection,1736854
76182c4c-4763-44f6-942b-29f4e97ded4d,2019-08-08 13:49:55-04:00,Etoposide 100 MG Injection,1734340
76182c4c-4763-44f6-942b-29f4e97ded4d,2019-09-04 13:49:55-04:00,Cisplatin 50 MG Injection,1736854
76182c4c-4763-44f6-942b-29f4e97ded4d,2019-09-04 13:49:55-04:00,Etoposide 100 MG Injection,1734340
76182c4c-4763-44f6-942b-29f4e97ded4d,2019-09-30 13:49:55-04:00,Cisplatin 50 MG Injection,1736854
76182c4c-4763-44f6-942b-29f4e97ded4d,2019-09-30 13:49:55-04:00,Etoposide 100 MG Injection,1734340
76182c4c-4763-44f6-942b-29f4e97ded4d,2019-10-21 13:49:55-04:00,Cisplatin 50 MG Injection,1736854
76182c4c-4763-44f6-942b-29f4e97ded4d,2019-10-21 13:49:55-04:00,Etoposide 100 MG Injection,1734340
76182c4c-4763-44f6-942b-29f4e97ded4d,2019-11-16 12:49:55-05:00,Cisplatin 50 MG Injection,1736854
76182c4c-4763-44f6-942b-29f4e97ded4d,2019-11-16 12:49:55-05:00,Etoposide 100 MG Injection,1734340
76182c4c-4763-44f6-942b-29f4e97ded4d,2019-12-07 12:49:55-05:00,Cisplatin 50 MG Injection,1736854
76182c4c-4763-44f6-942b-29f4e97ded4d,2019-12-07 12:49:55-05:00,Etoposide 100 MG Injection,1734340
76182c4c-4763-44f6-942b-29f4e97ded4d,2020-01-03 12:49:55-05:00,Cisplatin 50 MG Injection,1736854
76182c4c-4763-44f6-942b-29f4e97ded4d,2020-01-03 12:49:55-05:00,Etoposide 100 MG Injection,1734340
76182c4c-4763-44f6-942b-29f4e97ded4d,2020-01-26 12:49:55-05:00,Cisplatin 50 MG Injection,1736854
76182c4c-4763-44f6-942b-29f4e97ded4d,2020-01-26 12:49:55-05:00,Etoposide 100 MG Injection,1734340
76182c4c-4763-44f6-942b-29f4e97ded4d,2020-02-18 12:49:55-05:00,Cisplatin 50 MG Injection,1736854
76182c4c-4763-44f6-942b-29f4e97ded4d,2020-02-18 12:49:55-05:00,Etoposide 100 MG Injection,1734340
76182c4c-4763-44f6-942b-29f4e97ded4d,2020-03-12 13:49:55-04:00,Cisplatin 50 MG Injection,1736854
76182c4c-4763-44f6-942b-29f4e97ded4d,2020-03-12 13:49:55-04:00,Etoposide 100 MG Injection,1734340