,user_id,ts,medication_code,medication_id
0,96ad52b0-690e-46a2-aecf-5c5f32bbb9fd,2017-05-06 19:35:07-04:00,Cisplatin 50 MG Injection,1736854
1,96ad52b0-690e-46a2-aecf-5c5f32bbb9fd,2017-05-06 19:35:07-04:00,PACLitaxel 100 MG Injection,583214
2,96ad52b0-690e-46a2-aecf-5c5f32bbb9fd,2017-06-03 19:35:07-04:00,Cisplatin 50 MG Injection,1736854
3,96ad52b0-690e-46a2-aecf-5c5f32bbb9fd,2017-06-03 19:35:07-04:00,PACLitaxel 100 MG Injection,583214
4,96ad52b0-690e-46a2-aecf-5c5f32bbb9fd,2017-07-04 19:35:07-04:00,Cisplatin 50 MG Injection,1736854
5,96ad52b0-690e-46a2-aecf-5c5f32bbb9fd,2017-07-04 19:35:07-04:00,PACLitaxel 100 MG Injection,583214
6,96ad52b0-690e-46a2-aecf-5c5f32bbb9fd,2017-08-07 19:35:07-04:00,Cisplatin 50 MG Injection,1736854
7,96ad52b0-690e-46a2-aecf-5c5f32bbb9fd,2017-08-07 19:35:07-04:00,PACLitaxel 100 MG Injection,583214
8,96ad52b0-690e-46a2-aecf-5c5f32bbb9fd,2017-09-09 19:35:07-04:00,Cisplatin 50 MG Injection,1736854
9,96ad52b0-690e-46a2-aecf-5c5f32bbb9fd,2017-09-09 19:35:07-04:00,PACLitaxel 100 MG Injection,583214
10,96ad52b0-690e-46a2-aecf-5c5f32bbb9fd,2017-10-10 19:35:07-04:00,Cisplatin 50 MG Injection,1736854
11,96ad52b0-690e-46a2-aecf-5c5f32bbb9fd,2017-10-10 19:35:07-04:00,PACLitaxel 100 MG Injection,583214
12,96ad52b0-690e-46a2-aecf-5c5f32bbb9fd,2017-11-09 18:35:07-05:00,Cisplatin 50 MG Injection,1736854
13,96ad52b0-690e-46a2-aecf-5c5f32bbb9fd,2017-11-09 18:35:07-05:00,PACLitaxel 100 MG Injection,583214
14,96ad52b0-690e-46a2-aecf-5c5f32bbb9fd,2017-12-07 18:35:07-05:00,Cisplatin 50 MG Injection,1736854
15,96ad52b0-690e-46a2-aecf-5c5f32bbb9fd,2017-12-07 18:35:07-05:00,PACLitaxel 100 MG Injection,583214
16,96ad52b0-690e-46a2-aecf-5c5f32bbb9fd,2018-01-08 18:35:07-05:00,Cisplatin 50 MG Injection,1736854
17,96ad52b0-690e-46a2-aecf-5c5f32bbb9fd,2018-01-08 18:35:07-05:00,PACLitaxel 100 MG Injection,583214
18,96ad52b0-690e-46a2-aecf-5c5f32bbb9fd,2018-02-06 18:35:07-05:00,Cisplatin 50 MG Injection,1736854
19,96ad52b0-690e-46a2-aecf-5c5f32bbb9fd,2018-02-06 18:35:07-05:00,PACLitaxel 100 MG Injection,583214
20,96ad52b0-690e-46a2-aecf-5c5f32bbb9fd,2018-03-12 19:35:07-04:00,Cisplatin 50 MG Injection,1736854
21,96ad52b0-690e-46a2-aecf-5c5f32bbb9fd,2018-03-12 19:35:07-04:00,PACLitaxel 100 MG Injection,583214
22,96ad52b0-690e-46a2-aecf-5c5f32bbb9fd,2018-04-14 19:35:07-04:00,Cisplatin 50 MG Injection,1736854
23,96ad52b0-690e-46a2-aecf-5c5f32bbb9fd,2018-04-14 19:35:07-04:00,PACLitaxel 100 MG Injection,583214
24,96ad52b0-690e-46a2-aecf-5c5f32bbb9fd,2018-05-17 19:35:07-04:00,Cisplatin 50 MG Injection,1736854
25,96ad52b0-690e-46a2-aecf-5c5f32bbb9fd,2018-05-17 19:35:07-04:00,PACLitaxel 100 MG Injection,583214
26,96ad52b0-690e-46a2-aecf-5c5f32bbb9fd,2018-06-17 19:35:07-04:00,Cisplatin 50 MG Injection,1736854
27,96ad52b0-690e-46a2-aecf-5c5f32bbb9fd,2018-06-17 19:35:07-04:00,PACLitaxel 100 MG Injection,583214
28,96ad52b0-690e-46a2-aecf-5c5f32bbb9fd,2018-07-21 19:35:07-04:00,Cisplatin 50 MG Injection,1736854
29,96ad52b0-690e-46a2-aecf-5c5f32bbb9fd,2018-07-21 19:35:07-04:00,PACLitaxel 100 MG Injection,583214
30,96ad52b0-690e-46a2-aecf-5c5f32bbb9fd,2018-08-23 19:35:07-04:00,Cisplatin 50 MG Injection,1736854
31,96ad52b0-690e-46a2-aecf-5c5f32bbb9fd,2018-08-23 19:35:07-04:00,PACLitaxel 100 MG Injection,583214
32,96ad52b0-690e-46a2-aecf-5c5f32bbb9fd,2018-09-26 19:35:07-04:00,Cisplatin 50 MG Injection,1736854
33,96ad52b0-690e-46a2-aecf-5c5f32bbb9fd,2018-09-26 19:35:07-04:00,PACLitaxel 100 MG Injection,583214
34,96ad52b0-690e-46a2-aecf-5c5f32bbb9fd,2018-10-27 19:35:07-04:00,Cisplatin 50 MG Injection,1736854
35,96ad52b0-690e-46a2-aecf-5c5f32bbb9fd,2018-10-27 19:35:07-04:00,PACLitaxel 100 MG Injection,583214
36,96ad52b0-690e-46a2-aecf-5c5f32bbb9fd,2018-11-30 18:35:07-05:00,Cisplatin 50 MG Injection,1736854
37,96ad52b0-690e-46a2-aecf-5c5f32bbb9fd,2018-11-30 18:35:07-05:00,PACLitaxel 100 MG Injection,583214
38,96ad52b0-690e-46a2-aecf-5c5f32bbb9fd,2019-01-01 18:35:07-05:00,Cisplatin 50 MG Injection,1736854
39,96ad52b0-690e-46a2-aecf-5c5f32bbb9fd,2019-01-01 18:35:07-05:00,PACLitaxel 100 MG Injection,583214
40,96ad52b0-690e-46a2-aecf-5c5f32bbb9fd,2019-01-30 18:35:07-05:00,Cisplatin 50 MG Injection,1736854
41,96ad52b0-690e-46a2-aecf-5c5f32bbb9fd,2019-01-30 18:35:07-05:00,PACLitaxel 100 MG Injection,583214
42,96ad52b0-690e-46a2-aecf-5c5f32bbb9fd,2019-03-02 18:35:07-05:00,Cisplatin 50 MG Injection,1736854
43,96ad52b0-690e-46a2-aecf-5c5f32bbb9fd,2019-03-02 18:35:07-05:00,PACLitaxel 100 MG Injection,583214
44,96ad52b0-690e-46a2-aecf-5c5f32bbb9fd,2019-04-01 19:35:07-04:00,Cisplatin 50 MG Injection,1736854
45,96ad52b0-690e-46a2-aecf-5c5f32bbb9fd,2019-04-01 19:35:07-04:00,PACLitaxel 100 MG Injection,583214
46,96ad52b0-690e-46a2-aecf-5c5f32bbb9fd,2019-05-04 19:35:07-04:00,Cisplatin 50 MG Injection,1736854
47,96ad52b0-690e-46a2-aecf-5c5f32bbb9fd,2019-05-04 19:35:07-04:00,PACLitaxel 100 MG Injection,583214
48,96ad52b0-690e-46a2-aecf-5c5f32bbb9fd,2019-06-05 19:35:07-04:00,Cisplatin 50 MG Injection,1736854
49,96ad52b0-690e-46a2-aecf-5c5f32bbb9fd,2019-06-05 19:35:07-04:00,PACLitaxel 100 MG Injection,583214
50,96ad52b0-690e-46a2-aecf-5c5f32bbb9fd,2019-07-05 19:35:07-04:00,Cisplatin 50 MG Injection,1736854
51,96ad52b0-690e-46a2-aecf-5c5f32bbb9fd,2019-07-05 19:35:07-04:00,PACLitaxel 100 MG Injection,583214
52,96ad52b0-690e-46a2-aecf-5c5f32bbb9fd,2019-08-05 19:35:07-04:00,Cisplatin 50 MG Injection,1736854
53,96ad52b0-690e-46a2-aecf-5c5f32bbb9fd,2019-08-05 19:35:07-04:00,PACLitaxel 100 MG Injection,583214
54,96ad52b0-690e-46a2-aecf-5c5f32bbb9fd,2019-09-05 19:35:07-04:00,Cisplatin 50 MG Injection,1736854
55,96ad52b0-690e-46a2-aecf-5c5f32bbb9fd,2019-09-05 19:35:07-04:00,PACLitaxel 100 MG Injection,583214
56,96ad52b0-690e-46a2-aecf-5c5f32bbb9fd,2019-10-06 19:35:07-04:00,Cisplatin 50 MG Injection,1736854
57,96ad52b0-690e-46a2-aecf-5c5f32bbb9fd,2019-10-06 19:35:07-04:00,PACLitaxel 100 MG Injection,583214
58,96ad52b0-690e-46a2-aecf-5c5f32bbb9fd,2019-11-09 18:35:07-05:00,Cisplatin 50 MG Injection,1736854
59,96ad52b0-690e-46a2-aecf-5c5f32bbb9fd,2019-11-09 18:35:07-05:00,PACLitaxel 100 MG Injection,583214
60,96ad52b0-690e-46a2-aecf-5c5f32bbb9fd,2019-12-12 18:35:07-05:00,Cisplatin 50 MG Injection,1736854
61,96ad52b0-690e-46a2-aecf-5c5f32bbb9fd,2019-12-12 18:35:07-05:00,PACLitaxel 100 MG Injection,583214
62,96ad52b0-690e-46a2-aecf-5c5f32bbb9fd,2020-01-13 18:35:07-05:00,Cisplatin 50 MG Injection,1736854
63,96ad52b0-690e-46a2-aecf-5c5f32bbb9fd,2020-01-13 18:35:07-05:00,PACLitaxel 100 MG Injection,583214
64,96ad52b0-690e-46a2-aecf-5c5f32bbb9fd,2020-02-12 18:35:07-05:00,Cisplatin 50 MG Injection,1736854
65,96ad52b0-690e-46a2-aecf-5c5f32bbb9fd,2020-02-12 18:35:07-05:00,PACLitaxel 100 MG Injection,583214
66,96ad52b0-690e-46a2-aecf-5c5f32bbb9fd,2020-03-14 19:35:07-04:00,Cisplatin 50 MG Injection,1736854
67,96ad52b0-690e-46a2-aecf-5c5f32bbb9fd,2020-03-14 19:35:07-04:00,PACLitaxel 100 MG Injection,583214
68,273d36bf-c5bc-4c2c-9a8d-1ae83a28f97d,2014-12-14 21:48:32-05:00,ondansetron 4 MG in 2 ML Injection,1740467
69,273d36bf-c5bc-4c2c-9a8d-1ae83a28f97d,2014-12-14 21:48:32-05:00,Midazolam 1 MG/ML Injectable Solution,311700
70,273d36bf-c5bc-4c2c-9a8d-1ae83a28f97d,2014-12-14 21:48:32-05:00,propofol 1000 MG in 100 ML Injection,1808217
71,273d36bf-c5bc-4c2c-9a8d-1ae83a28f97d,2014-12-14 21:48:32-05:00,Rocuronium bromide 10 MG/ML Injectable Solution,1234995
72,273d36bf-c5bc-4c2c-9a8d-1ae83a28f97d,2014-12-14 21:48:32-05:00,isoflurane 99.9 % Inhalant Solution,542347
73,273d36bf-c5bc-4c2c-9a8d-1ae83a28f97d,2014-12-14 21:48:32-05:00,10 ML Alfentanil 0.5 MG/ML Injection,1723208
74,460636ac-a2fc-4ccd-9635-7fe6f8e0e4c0,2010-09-04 16:44:26-04:00,ondansetron 4 MG in 2 ML Injection,1740467
75,460636ac-a2fc-4ccd-9635-7fe6f8e0e4c0,2010-09-04 16:44:26-04:00,Lorazepam 2 MG/ML Injectable Solution,238100
76,460636ac-a2fc-4ccd-9635-7fe6f8e0e4c0,2010-09-04 16:44:26-04:00,propofol 1000 MG in 100 ML Injection,1808217
77,460636ac-a2fc-4ccd-9635-7fe6f8e0e4c0,2010-09-04 16:44:26-04:00,Rocuronium bromide 10 MG/ML Injectable Solution,1234995
78,460636ac-a2fc-4ccd-9635-7fe6f8e0e4c0,2010-09-04 16:44:26-04:00,sevoflurane 100 % Inhalant Solution,200243
79,460636ac-a2fc-4ccd-9635-7fe6f8e0e4c0,2010-09-04 16:44:26-04:00,10 ML Fentanyl 0.05 MG/ML Injection,1735006
80,79b8c998-c083-4a14-8f96-e088e3b093d2,2012-01-14 14:55:15-05:00,ondansetron 4 MG in 2 ML Injection,1740467
81,79b8c998-c083-4a14-8f96-e088e3b093d2,2012-01-14 14:55:15-05:00,Midazolam 1 MG/ML Injectable Solution,311700
82,79b8c998-c083-4a14-8f96-e088e3b093d2,2012-01-14 14:55:15-05:00,propofol 1000 MG in 100 ML Injection,1808217
83,79b8c998-c083-4a14-8f96-e088e3b093d2,2012-01-14 14:55:15-05:00,Rocuronium bromide 10 MG/ML Injectable Solution,1234995
84,79b8c998-c083-4a14-8f96-e088e3b093d2,2012-01-14 14:55:15-05:00,isoflurane 99.9 % Inhalant Solution,542347
85,79b8c998-c083-4a14-8f96-e088e3b093d2,2012-01-14 14:55:15-05:00,remifentanil 2 MG Injection,1729584
86,8bedfa7b-6bd0-4975-92e4-110179b23723,2011-01-10 17:49:42-05:00,ondansetron 4 MG in 2 ML Injection,1740467
87,8bedfa7b-6bd0-4975-92e4-110179b23723,2011-01-10 17:49:42-05:00,Midazolam 1 MG/ML Injectable Solution,311700
88,8bedfa7b-6bd0-4975-92e4-110179b23723,2011-01-10 17:49:42-05:00,propofol 1000 MG in 100 ML Injection,1808217
89,8bedfa7b-6bd0-4975-92e4-110179b23723,2011-01-10 17:49:42-05:00,Rocuronium bromide 10 MG/ML Injectable Solution,1234995
90,8bedfa7b-6bd0-4975-92e4-110179b23723,2011-01-10 17:49:42-05:00,isoflurane 99.9 % Inhalant Solution,542347
91,8bedfa7b-6bd0-4975-92e4-110179b23723,2011-01-10 17:49:42-05:00,SUFentanil 250 MCG per 5 ML Injection,1809104
92,8b8257a6-f60c-4b9c-ba2c-f3ec3e4e6bbd,2017-12-29 00:40:05-05:00,Cisplatin 50 MG Injection,1736854
93,8b8257a6-f60c-4b9c-ba2c-f3ec3e4e6bbd,2017-12-29 00:40:05-05:00,PACLitaxel 100 MG Injection,583214
94,8b8257a6-f60c-4b9c-ba2c-f3ec3e4e6bbd,2018-01-29 00:40:05-05:00,Cisplatin 50 MG Injection,1736854
95,8b8257a6-f60c-4b9c-ba2c-f3ec3e4e6bbd,2018-01-29 00:40:05-05:00,PACLitaxel 100 MG Injection,583214
96,8b8257a6-f60c-4b9c-ba2c-f3ec3e4e6bbd,2018-02-27 00:40:05-05:00,Cisplatin 50 MG Injection,1736854
97,8b8257a6-f60c-4b9c-ba2c-f3ec3e4e6bbd,2018-02-27 00:40:05-05:00,PACLitaxel 100 MG Injection,583214
98,8b8257a6-f60c-4b9c-ba2c-f3ec3e4e6bbd,2018-04-02 01:40:05-04:00,Cisplatin 50 MG Injection,1736854
99,8b8257a6-f60c-4b9c-ba2c-f3ec3e4e6bbd,2018-04-02 01:40:05-04:00,PACLitaxel 100 MG Injection,583214
100,8b8257a6-f60c-4b9c-ba2c-f3ec3e4e6bbd,2018-05-01 01:40:05-04:00,Cisplatin 50 MG Injection,1736854
101,8b8257a6-f60c-4b9c-ba2c-f3ec3e4e6bbd,2018-05-01 01:40:05-04:00,PACLitaxel 100 MG Injection,583214
102,8b8257a6-f60c-4b9c-ba2c-f3ec3e4e6bbd,2018-06-03 01:40:05-04:00,Cisplatin 50 MG Injection,1736854
103,8b8257a6-f60c-4b9c-ba2c-f3ec3e4e6bbd,2018-06-03 01:40:05-04:00,PACLitaxel 100 MG Injection,583214
104,8b8257a6-f60c-4b9c-ba2c-f3ec3e4e6bbd,2018-07-02 01:40:05-04:00,Cisplatin 50 MG Injection,1736854
105,8b8257a6-f60c-4b9c-ba2c-f3ec3e4e6bbd,2018-07-02 01:40:05-04:00,PACLitaxel 100 MG Injection,583214
106,8b8257a6-f60c-4b9c-ba2c-f3ec3e4e6bbd,2018-08-03 01:40:05-04:00,Cisplatin 50 MG Injection,1736854
107,8b8257a6-f60c-4b9c-ba2c-f3ec3e4e6bbd,2018-08-03 01:40:05-04:00,PACLitaxel 100 MG Injection,583214
108,8b8257a6-f60c-4b9c-ba2c-f3ec3e4e6bbd,2018-09-05 01:40:05-04:00,Cisplatin 50 MG Injection,1736854
109,8b8257a6-f60c-4b9c-ba2c-f3ec3e4e6bbd,2018-09-05 01:40:05-04:00,PACLitaxel 100 MG Injection,583214
110,8b8257a6-f60c-4b9c-ba2c-f3ec3e4e6bbd,2018-10-09 01:40:05-04:00,Cisplatin 50 MG Injection,1736854
111,8b8257a6-f60c-4b9c-ba2c-f3ec3e4e6bbd,2018-10-09 01:40:05-04:00,PACLitaxel 100 MG Injection,583214
112,8b8257a6-f60c-4b9c-ba2c-f3ec3e4e6bbd,2018-11-08 00:40:05-05:00,Cisplatin 50 MG Injection,1736854
113,8b8257a6-f60c-4b9c-ba2c-f3ec3e4e6bbd,2018-11-08 00:40:05-05:00,PACLitaxel 100 MG Injection,583214
114,8b8257a6-f60c-4b9c-ba2c-f3ec3e4e6bbd,2018-12-08 00:40:05-05:00,Cisplatin 50 MG Injection,1736854
115,8b8257a6-f60c-4b9c-ba2c-f3ec3e4e6bbd,2018-12-08 00:40:05-05:00,PACLitaxel 100 MG Injection,583214
116,8b8257a6-f60c-4b9c-ba2c-f3ec3e4e6bbd,2019-01-10 00:40:05-05:00,Cisplatin 50 MG Injection,1736854
117,8b8257a6-f60c-4b9c-ba2c-f3ec3e4e6bbd,2019-01-10 00:40:05-05:00,PACLitaxel 100 MG Injection,583214
118,8b8257a6-f60c-4b9c-ba2c-f3ec3e4e6bbd,2019-02-08 00:40:05-05:00,Cisplatin 50 MG Injection,1736854
119,8b8257a6-f60c-4b9c-ba2c-f3ec3e4e6bbd,2019-02-08 00:40:05-05:00,PACLitaxel 100 MG Injection,583214
120,8b8257a6-f60c-4b9c-ba2c-f3ec3e4e6bbd,2019-03-09 00:40:05-05:00,Cisplatin 50 MG Injection,1736854
121,8b8257a6-f60c-4b9c-ba2c-f3ec3e4e6bbd,2019-03-09 00:40:05-05:00,PACLitaxel 100 MG Injection,583214
122,8b8257a6-f60c-4b9c-ba2c-f3ec3e4e6bbd,2019-04-11 01:40:05-04:00,Cisplatin 50 MG Injection,1736854
123,8b8257a6-f60c-4b9c-ba2c-f3ec3e4e6bbd,2019-04-11 01:40:05-04:00,PACLitaxel 100 MG Injection,583214
124,8b8257a6-f60c-4b9c-ba2c-f3ec3e4e6bbd,2019-05-14 01:40:05-04:00,Cisplatin 50 MG Injection,1736854
125,8b8257a6-f60c-4b9c-ba2c-f3ec3e4e6bbd,2019-05-14 01:40:05-04:00,PACLitaxel 100 MG Injection,583214
126,8b8257a6-f60c-4b9c-ba2c-f3ec3e4e6bbd,2019-06-17 01:40:05-04:00,Cisplatin 50 MG Injection,1736854
127,8b8257a6-f60c-4b9c-ba2c-f3ec3e4e6bbd,2019-06-17 01:40:05-04:00,PACLitaxel 100 MG Injection,583214
128,8b8257a6-f60c-4b9c-ba2c-f3ec3e4e6bbd,2019-07-15 01:40:05-04:00,Cisplatin 50 MG Injection,1736854
129,8b8257a6-f60c-4b9c-ba2c-f3ec3e4e6bbd,2019-07-15 01:40:05-04:00,PACLitaxel 100 MG Injection,583214
130,8b8257a6-f60c-4b9c-ba2c-f3ec3e4e6bbd,2019-08-15 01:40:05-04:00,Cisplatin 50 MG Injection,1736854
131,8b8257a6-f60c-4b9c-ba2c-f3ec3e4e6bbd,2019-08-15 01:40:05-04:00,PACLitaxel 100 MG Injection,583214
132,8b8257a6-f60c-4b9c-ba2c-f3ec3e4e6bbd,2019-09-13 01:40:05-04:00,Cisplatin 50 MG Injection,1736854
133,8b8257a6-f60c-4b9c-ba2c-f3ec3e4e6bbd,2019-09-13 01:40:05-04:00,PACLitaxel 100 MG Injection,583214
134,8b8257a6-f60c-4b9c-ba2c-f3ec3e4e6bbd,2019-10-14 01:40:05-04:00,Cisplatin 50 MG Injection,1736854
135,8b8257a6-f60c-4b9c-ba2c-f3ec3e4e6bbd,2019-10-14 01:40:05-04:00,PACLitaxel 100 MG Injection,583214
136,8b8257a6-f60c-4b9c-ba2c-f3ec3e4e6bbd,2019-11-14 00:40:05-05:00,Cisplatin 50 MG Injection,1736854
137,8b8257a6-f60c-4b9c-ba2c-f3ec3e4e6bbd,2019-11-14 00:40:05-05:00,PACLitaxel 100 MG Injection,583214
138,8b8257a6-f60c-4b9c-ba2c-f3ec3e4e6bbd,2019-12-17 00:40:05-05:00,Cisplatin 50 MG Injection,1736854
139,8b8257a6-f60c-4b9c-ba2c-f3ec3e4e6bbd,2019-12-17 00:40:05-05:00,PACLitaxel 100 MG Injection,583214
140,8b8257a6-f60c-4b9c-ba2c-f3ec3e4e6bbd,2020-01-19 00:40:05-05:00,Cisplatin 50 MG Injection,1736854
141,8b8257a6-f60c-4b9c-ba2c-f3ec3e4e6bbd,2020-01-19 00:40:05-05:00,PACLitaxel 100 MG Injection,583214
142,8b8257a6-f60c-4b9c-ba2c-f3ec3e4e6bbd,2020-02-17 00:40:05-05:00,Cisplatin 50 MG Injection,1736854
143,8b8257a6-f60c-4b9c-ba2c-f3ec3e4e6bbd,2020-02-17 00:40:05-05:00,PACLitaxel 100 MG Injection,583214
144,8b8257a6-f60c-4b9c-ba2c-f3ec3e4e6bbd,2020-03-21 01:40:05-04:00,Cisplatin 50 MG Injection,1736854
145,8b8257a6-f60c-4b9c-ba2c-f3ec3e4e6bbd,2020-03-21 01:40:05-04:00,PACLitaxel 100 MG Injection,583214
146,01e9a76b-4f6c-4561-961f-6c60257eeb01,2017-12-22 23:22:45-05:00,ondansetron 4 MG in 2 ML Injection,1740467
147,01e9a76b-4f6c-4561-961f-6c60257eeb01,2017-12-22 23:22:45-05:00,Midazolam 1 MG/ML Injectable Solution,311700
148,01e9a76b-4f6c-4561-961f-6c60257eeb01,2017-12-22 23:22:45-05:00,propofol 1000 MG in 100 ML Injection,1808217
149,01e9a76b-4f6c-4561-961f-6c60257eeb01,2017-12-22 23:22:45-05:00,Rocuronium bromide 10 MG/ML Injectable Solution,1234995
150,01e9a76b-4f6c-4561-961f-6c60257eeb01,2017-12-22 23:22:45-05:00,isoflurane 99.9 % Inhalant Solution,542347
151,01e9a76b-4f6c-4561-961f-6c60257eeb01,2017-12-22 23:22:45-05:00,remifentanil 2 MG Injection,1729584
152,015b3196-a167-4e4e-88fc-19a7050dc45c,2013-06-05 18:27:25-04:00,ondansetron 4 MG in 2 ML Injection,1740467
153,015b3196-a167-4e4e-88fc-19a7050dc45c,2013-06-05 18:27:25-04:00,Midazolam 1 MG/ML Injectable Solution,311700
154,015b3196-a167-4e4e-88fc-19a7050dc45c,2013-06-05 18:27:25-04:00,propofol 1000 MG in 100 ML Injection,1808217
155,015b3196-a167-4e4e-88fc-19a7050dc45c,2013-06-05 18:27:25-04:00,Rocuronium bromide 10 MG/ML Injectable Solution,1234995
156,015b3196-a167-4e4e-88fc-19a7050dc45c,2013-06-05 18:27:25-04:00,desflurane 100 % Inhalant Solution,562366
157,015b3196-a167-4e4e-88fc-19a7050dc45c,2013-06-05 18:27:25-04:00,remifentanil 2 MG Injection,1729584
158,1c974939-2574-4ea7-9052-1dbadddfb4ba,2018-01-05 15:48:45-05:00,ondansetron 4 MG in 2 ML Injection,1740467
159,1c974939-2574-4ea7-9052-1dbadddfb4ba,2018-01-05 15:48:45-05:00,Midazolam 1 MG/ML Injectable Solution,311700
160,1c974939-2574-4ea7-9052-1dbadddfb4ba,2018-01-05 15:48:45-05:00,propofol 1000 MG in 100 ML Injection,1808217
161,1c974939-2574-4ea7-9052-1dbadddfb4ba,2018-01-05 15:48:45-05:00,Rocuronium bromide 10 MG/ML Injectable Solution,1234995
162,1c974939-2574-4ea7-9052-1dbadddfb4ba,2018-01-05 15:48:45-05:00,isoflurane 99.9 % Inhalant Solution,542347
163,1c974939-2574-4ea7-9052-1dbadddfb4ba,2018-01-05 15:48:45-05:00,SUFentanil 250 MCG per 5 ML Injection,1809104
164,4863a0be-8ecd-4988-9971-d92158641df3,2011-06-04 05:39:24-04:00,ondansetron 4 MG in 2 ML Injection,1740467
165,4863a0be-8ecd-4988-9971-d92158641df3,2011-06-04 05:39:24-04:00,Midazolam 1 MG/ML Injectable Solution,311700
166,4863a0be-8ecd-4988-9971-d92158641df3,2011-06-04 05:39:24-04:00,propofol 1000 MG in 100 ML Injection,1808217
167,4863a0be-8ecd-4988-9971-d92158641df3,2011-06-04 05:39:24-04:00,Rocuronium bromide 10 MG/ML Injectable Solution,1234995
168,4863a0be-8ecd-4988-9971-d92158641df3,2011-06-04 05:39:24-04:00,isoflurane 99.9 % Inhalant Solution,542347
169,4863a0be-8ecd-4988-9971-d92158641df3,2011-06-04 05:39:24-04:00,remifentanil 2 MG Injection,1729584
170,9cc43977-2b4f-4974-9ad6-307508798b80,2020-02-18 21:19:12-05:00,ondansetron 4 MG in 2 ML Injection,1740467
171,9cc43977-2b4f-4974-9ad6-307508798b80,2020-02-18 21:19:12-05:00,Midazolam 1 MG/ML Injectable Solution,311700
172,9cc43977-2b4f-4974-9ad6-307508798b80,2020-02-18 21:19:12-05:00,propofol 1000 MG in 100 ML Injection,1808217
173,9cc43977-2b4f-4974-9ad6-307508798b80,2020-02-18 21:19:12-05:00,Rocuronium bromide 10 MG/ML Injectable Solution,1234995
174,9cc43977-2b4f-4974-9ad6-307508798b80,2020-02-18 21:19:12-05:00,isoflurane 99.9 % Inhalant Solution,542347
175,9cc43977-2b4f-4974-9ad6-307508798b80,2020-02-18 21:19:12-05:00,10 ML Alfentanil 0.5 MG/ML Injection,1723208
176,9fdd7856-79f9-4e84-9a20-7a4002d7f0ca,2019-03-26 11:31:59-04:00,Cisplatin 50 MG Injection,1736854
177,9fdd7856-79f9-4e84-9a20-7a4002d7f0ca,2019-03-26 11:31:59-04:00,PACLitaxel 100 MG Injection,583214
178,9fdd7856-79f9-4e84-9a20-7a4002d7f0ca,2019-04-25 11:31:59-04:00,Cisplatin 50 MG Injection,1736854
179,9fdd7856-79f9-4e84-9a20-7a4002d7f0ca,2019-04-25 11:31:59-04:00,PACLitaxel 100 MG Injection,583214
180,9fdd7856-79f9-4e84-9a20-7a4002d7f0ca,2019-05-23 11:31:59-04:00,Cisplatin 50 MG Injection,1736854
181,9fdd7856-79f9-4e84-9a20-7a4002d7f0ca,2019-05-23 11:31:59-04:00,PACLitaxel 100 MG Injection,583214
182,9fdd7856-79f9-4e84-9a20-7a4002d7f0ca,2019-06-21 11:31:59-04:00,Cisplatin 50 MG Injection,1736854
183,9fdd7856-79f9-4e84-9a20-7a4002d7f0ca,2019-06-21 11:31:59-04:00,PACLitaxel 100 MG Injection,583214
184,9fdd7856-79f9-4e84-9a20-7a4002d7f0ca,2019-07-21 11:31:59-04:00,Cisplatin 50 MG Injection,1736854
185,9fdd7856-79f9-4e84-9a20-7a4002d7f0ca,2019-07-21 11:31:59-04:00,PACLitaxel 100 MG Injection,583214
186,9fdd7856-79f9-4e84-9a20-7a4002d7f0ca,2019-08-18 11:31:59-04:00,Cisplatin 50 MG Injection,1736854
187,9fdd7856-79f9-4e84-9a20-7a4002d7f0ca,2019-08-18 11:31:59-04:00,PACLitaxel 100 MG Injection,583214
188,9fdd7856-79f9-4e84-9a20-7a4002d7f0ca,2019-09-16 11:31:59-04:00,Cisplatin 50 MG Injection,1736854
189,9fdd7856-79f9-4e84-9a20-7a4002d7f0ca,2019-09-16 11:31:59-04:00,PACLitaxel 100 MG Injection,583214
190,9fdd7856-79f9-4e84-9a20-7a4002d7f0ca,2019-10-19 11:31:59-04:00,Cisplatin 50 MG Injection,1736854
191,9fdd7856-79f9-4e84-9a20-7a4002d7f0ca,2019-10-19 11:31:59-04:00,PACLitaxel 100 MG Injection,583214
192,9fdd7856-79f9-4e84-9a20-7a4002d7f0ca,2019-11-18 10:31:59-05:00,Cisplatin 50 MG Injection,1736854
193,9fdd7856-79f9-4e84-9a20-7a4002d7f0ca,2019-11-18 10:31:59-05:00,PACLitaxel 100 MG Injection,583214
194,9fdd7856-79f9-4e84-9a20-7a4002d7f0ca,2019-12-19 10:31:59-05:00,Cisplatin 50 MG Injection,1736854
195,9fdd7856-79f9-4e84-9a20-7a4002d7f0ca,2019-12-19 10:31:59-05:00,PACLitaxel 100 MG Injection,583214
196,9fdd7856-79f9-4e84-9a20-7a4002d7f0ca,2020-01-20 10:31:59-05:00,Cisplatin 50 MG Injection,1736854
197,9fdd7856-79f9-4e84-9a20-7a4002d7f0ca,2020-01-20 10:31:59-05:00,PACLitaxel 100 MG Injection,583214
198,9fdd7856-79f9-4e84-9a20-7a4002d7f0ca,2020-02-18 10:31:59-05:00,Cisplatin 50 MG Injection,1736854
199,9fdd7856-79f9-4e84-9a20-7a4002d7f0ca,2020-02-18 10:31:59-05:00,PACLitaxel 100 MG Injection,583214
200,9fdd7856-79f9-4e84-9a20-7a4002d7f0ca,2020-03-20 11:31:59-04:00,Cisplatin 50 MG Injection,1736854
201,9fdd7856-79f9-4e84-9a20-7a4002d7f0ca,2020-03-20 11:31:59-04:00,PACLitaxel 100 MG Injection,583214
202,c7b01df8-ea3d-499b-9c14-baacad78b883,2011-09-29 17:17:33-04:00,ondansetron 4 MG in 2 ML Injection,1740467
203,c7b01df8-ea3d-499b-9c14-baacad78b883,2011-09-29 17:17:33-04:00,Midazolam 1 MG/ML Injectable Solution,311700
204,c7b01df8-ea3d-499b-9c14-baacad78b883,2011-09-29 17:17:33-04:00,propofol 1000 MG in 100 ML Injection,1808217
205,c7b01df8-ea3d-499b-9c14-baacad78b883,2011-09-29 17:17:33-04:00,Rocuronium bromide 10 MG/ML Injectable Solution,1234995
206,c7b01df8-ea3d-499b-9c14-baacad78b883,2011-09-29 17:17:33-04:00,isoflurane 99.9 % Inhalant Solution,542347
207,c7b01df8-ea3d-499b-9c14-baacad78b883,2011-09-29 17:17:33-04:00,10 ML Alfentanil 0.5 MG/ML Injection,1723208
208,c9ba1cde-8e65-416c-b0d3-14c66f22e22d,2016-01-16 11:16:39-05:00,ondansetron 4 MG in 2 ML Injection,1740467
209,c9ba1cde-8e65-416c-b0d3-14c66f22e22d,2016-01-16 11:16:39-05:00,Midazolam 1 MG/ML Injectable Solution,311700
210,c9ba1cde-8e65-416c-b0d3-14c66f22e22d,2016-01-16 11:16:39-05:00,propofol 1000 MG in 100 ML Injection,1808217
211,c9ba1cde-8e65-416c-b0d3-14c66f22e22d,2016-01-16 11:16:39-05:00,Rocuronium bromide 10 MG/ML Injectable Solution,1234995
212,c9ba1cde-8e65-416c-b0d3-14c66f22e22d,2016-01-16 11:16:39-05:00,isoflurane 99.9 % Inhalant Solution,542347
213,c9ba1cde-8e65-416c-b0d3-14c66f22e22d,2016-01-16 11:16:39-05:00,10 ML Alfentanil 0.5 MG/ML Injection,1723208
214,1fbd8293-5079-4213-a440-e5f10f60d1b4,2012-07-15 22:35:24-04:00,ondansetron 4 MG in 2 ML Injection,1740467
215,1fbd8293-5079-4213-a440-e5f10f60d1b4,2012-07-15 22:35:24-04:00,Midazolam 1 MG/ML Injectable Solution,311700
216,1fbd8293-5079-4213-a440-e5f10f60d1b4,2012-07-15 22:35:24-04:00,propofol 1000 MG in 100 ML Injection,1808217
217,1fbd8293-5079-4213-a440-e5f10f60d1b4,2012-07-15 22:35:24-04:00,Rocuronium bromide 10 MG/ML Injectable Solution,1234995
218,1fbd8293-5079-4213-a440-e5f10f60d1b4,2012-07-15 22:35:24-04:00,isoflurane 99.9 % Inhalant Solution,542347
219,1fbd8293-5079-4213-a440-e5f10f60d1b4,2012-07-15 22:35:24-04:00,SUFentanil 250 MCG per 5 ML Injection,1809104
220,071a2d4a-067d-408b-8695-ad804c2e52f5,2016-09-13 11:45:01-04:00,Cisplatin 50 MG Injection,1736854
221,071a2d4a-067d-408b-8695-ad804c2e52f5,2016-09-13 11:45:01-04:00,PACLitaxel 100 MG Injection,583214
222,071a2d4a-067d-408b-8695-ad804c2e52f5,2016-10-16 11:45:01-04:00,Cisplatin 50 MG Injection,1736854
223,071a2d4a-067d-408b-8695-ad804c2e52f5,2016-10-16 11:45:01-04:00,PACLitaxel 100 MG Injection,583214
224,071a2d4a-067d-408b-8695-ad804c2e52f5,2016-11-14 10:45:01-05:00,Cisplatin 50 MG Injection,1736854
225,071a2d4a-067d-408b-8695-ad804c2e52f5,2016-11-14 10:45:01-05:00,PACLitaxel 100 MG Injection,583214
226,071a2d4a-067d-408b-8695-ad804c2e52f5,2016-12-15 10:45:01-05:00,Cisplatin 50 MG Injection,1736854
227,071a2d4a-067d-408b-8695-ad804c2e52f5,2016-12-15 10:45:01-05:00,PACLitaxel 100 MG Injection,583214
228,071a2d4a-067d-408b-8695-ad804c2e52f5,2017-01-18 10:45:01-05:00,Cisplatin 50 MG Injection,1736854
229,071a2d4a-067d-408b-8695-ad804c2e52f5,2017-01-18 10:45:01-05:00,PACLitaxel 100 MG Injection,583214
230,071a2d4a-067d-408b-8695-ad804c2e52f5,2017-02-16 10:45:01-05:00,Cisplatin 50 MG Injection,1736854
231,071a2d4a-067d-408b-8695-ad804c2e52f5,2017-02-16 10:45:01-05:00,PACLitaxel 100 MG Injection,583214
232,071a2d4a-067d-408b-8695-ad804c2e52f5,2017-03-16 11:45:01-04:00,Cisplatin 50 MG Injection,1736854
233,071a2d4a-067d-408b-8695-ad804c2e52f5,2017-03-16 11:45:01-04:00,PACLitaxel 100 MG Injection,583214
234,071a2d4a-067d-408b-8695-ad804c2e52f5,2017-04-19 11:45:01-04:00,Cisplatin 50 MG Injection,1736854
235,071a2d4a-067d-408b-8695-ad804c2e52f5,2017-04-19 11:45:01-04:00,PACLitaxel 100 MG Injection,583214
236,071a2d4a-067d-408b-8695-ad804c2e52f5,2017-05-23 11:45:01-04:00,Cisplatin 50 MG Injection,1736854
237,071a2d4a-067d-408b-8695-ad804c2e52f5,2017-05-23 11:45:01-04:00,PACLitaxel 100 MG Injection,583214
238,071a2d4a-067d-408b-8695-ad804c2e52f5,2017-06-24 11:45:01-04:00,Cisplatin 50 MG Injection,1736854
239,071a2d4a-067d-408b-8695-ad804c2e52f5,2017-06-24 11:45:01-04:00,PACLitaxel 100 MG Injection,583214
240,071a2d4a-067d-408b-8695-ad804c2e52f5,2017-07-26 11:45:01-04:00,Cisplatin 50 MG Injection,1736854
241,071a2d4a-067d-408b-8695-ad804c2e52f5,2017-07-26 11:45:01-04:00,PACLitaxel 100 MG Injection,583214
242,071a2d4a-067d-408b-8695-ad804c2e52f5,2017-08-29 11:45:01-04:00,Cisplatin 50 MG Injection,1736854
243,071a2d4a-067d-408b-8695-ad804c2e52f5,2017-08-29 11:45:01-04:00,PACLitaxel 100 MG Injection,583214
244,071a2d4a-067d-408b-8695-ad804c2e52f5,2017-09-26 11:45:01-04:00,Cisplatin 50 MG Injection,1736854
245,071a2d4a-067d-408b-8695-ad804c2e52f5,2017-09-26 11:45:01-04:00,PACLitaxel 100 MG Injection,583214
246,071a2d4a-067d-408b-8695-ad804c2e52f5,2017-10-27 11:45:01-04:00,Cisplatin 50 MG Injection,1736854
247,071a2d4a-067d-408b-8695-ad804c2e52f5,2017-10-27 11:45:01-04:00,PACLitaxel 100 MG Injection,583214
248,071a2d4a-067d-408b-8695-ad804c2e52f5,2017-11-27 10:45:01-05:00,Cisplatin 50 MG Injection,1736854
249,071a2d4a-067d-408b-8695-ad804c2e52f5,2017-11-27 10:45:01-05:00,PACLitaxel 100 MG Injection,583214
250,071a2d4a-067d-408b-8695-ad804c2e52f5,2017-12-26 10:45:01-05:00,Cisplatin 50 MG Injection,1736854
251,071a2d4a-067d-408b-8695-ad804c2e52f5,2017-12-26 10:45:01-05:00,PACLitaxel 100 MG Injection,583214
252,071a2d4a-067d-408b-8695-ad804c2e52f5,2018-01-25 10:45:01-05:00,Cisplatin 50 MG Injection,1736854
253,071a2d4a-067d-408b-8695-ad804c2e52f5,2018-01-25 10:45:01-05:00,PACLitaxel 100 MG Injection,583214
254,071a2d4a-067d-408b-8695-ad804c2e52f5,2018-02-23 10:45:01-05:00,Cisplatin 50 MG Injection,1736854
255,071a2d4a-067d-408b-8695-ad804c2e52f5,2018-02-23 10:45:01-05:00,PACLitaxel 100 MG Injection,583214
256,071a2d4a-067d-408b-8695-ad804c2e52f5,2018-03-23 11:45:01-04:00,Cisplatin 50 MG Injection,1736854
257,071a2d4a-067d-408b-8695-ad804c2e52f5,2018-03-23 11:45:01-04:00,PACLitaxel 100 MG Injection,583214
258,071a2d4a-067d-408b-8695-ad804c2e52f5,2018-04-24 11:45:01-04:00,Cisplatin 50 MG Injection,1736854
259,071a2d4a-067d-408b-8695-ad804c2e52f5,2018-04-24 11:45:01-04:00,PACLitaxel 100 MG Injection,583214
260,071a2d4a-067d-408b-8695-ad804c2e52f5,2018-05-23 11:45:01-04:00,Cisplatin 50 MG Injection,1736854
261,071a2d4a-067d-408b-8695-ad804c2e52f5,2018-05-23 11:45:01-04:00,PACLitaxel 100 MG Injection,583214
262,071a2d4a-067d-408b-8695-ad804c2e52f5,2018-06-20 11:45:01-04:00,Cisplatin 50 MG Injection,1736854
263,071a2d4a-067d-408b-8695-ad804c2e52f5,2018-06-20 11:45:01-04:00,PACLitaxel 100 MG Injection,583214
264,071a2d4a-067d-408b-8695-ad804c2e52f5,2018-07-23 11:45:01-04:00,Cisplatin 50 MG Injection,1736854
265,071a2d4a-067d-408b-8695-ad804c2e52f5,2018-07-23 11:45:01-04:00,PACLitaxel 100 MG Injection,583214
266,071a2d4a-067d-408b-8695-ad804c2e52f5,2018-08-21 11:45:01-04:00,Cisplatin 50 MG Injection,1736854
267,071a2d4a-067d-408b-8695-ad804c2e52f5,2018-08-21 11:45:01-04:00,PACLitaxel 100 MG Injection,583214
268,071a2d4a-067d-408b-8695-ad804c2e52f5,2018-09-20 11:45:01-04:00,Cisplatin 50 MG Injection,1736854
269,071a2d4a-067d-408b-8695-ad804c2e52f5,2018-09-20 11:45:01-04:00,PACLitaxel 100 MG Injection,583214
270,071a2d4a-067d-408b-8695-ad804c2e52f5,2018-10-19 11:45:01-04:00,Cisplatin 50 MG Injection,1736854
271,071a2d4a-067d-408b-8695-ad804c2e52f5,2018-10-19 11:45:01-04:00,PACLitaxel 100 MG Injection,583214
272,071a2d4a-067d-408b-8695-ad804c2e52f5,2018-11-18 10:45:01-05:00,Cisplatin 50 MG Injection,1736854
273,071a2d4a-067d-408b-8695-ad804c2e52f5,2018-11-18 10:45:01-05:00,PACLitaxel 100 MG Injection,583214
274,071a2d4a-067d-408b-8695-ad804c2e52f5,2018-12-22 10:45:01-05:00,Cisplatin 50 MG Injection,1736854
275,071a2d4a-067d-408b-8695-ad804c2e52f5,2018-12-22 10:45:01-05:00,PACLitaxel 100 MG Injection,583214
276,071a2d4a-067d-408b-8695-ad804c2e52f5,2019-01-20 10:45:01-05:00,Cisplatin 50 MG Injection,1736854
277,071a2d4a-067d-408b-8695-ad804c2e52f5,2019-01-20 10:45:01-05:00,PACLitaxel 100 MG Injection,583214
278,071a2d4a-067d-408b-8695-ad804c2e52f5,2019-02-22 10:45:01-05:00,Cisplatin 50 MG Injection,1736854
279,071a2d4a-067d-408b-8695-ad804c2e52f5,2019-02-22 10:45:01-05:00,PACLitaxel 100 MG Injection,583214
280,071a2d4a-067d-408b-8695-ad804c2e52f5,2019-03-26 11:45:01-04:00,Cisplatin 50 MG Injection,1736854
281,071a2d4a-067d-408b-8695-ad804c2e52f5,2019-03-26 11:45:01-04:00,PACLitaxel 100 MG Injection,583214
282,071a2d4a-067d-408b-8695-ad804c2e52f5,2019-04-24 11:45:01-04:00,Cisplatin 50 MG Injection,1736854
283,071a2d4a-067d-408b-8695-ad804c2e52f5,2019-04-24 11:45:01-04:00,PACLitaxel 100 MG Injection,583214
284,071a2d4a-067d-408b-8695-ad804c2e52f5,2019-05-28 11:45:01-04:00,Cisplatin 50 MG Injection,1736854
285,071a2d4a-067d-408b-8695-ad804c2e52f5,2019-05-28 11:45:01-04:00,PACLitaxel 100 MG Injection,583214
286,071a2d4a-067d-408b-8695-ad804c2e52f5,2019-06-30 11:45:01-04:00,Cisplatin 50 MG Injection,1736854
287,071a2d4a-067d-408b-8695-ad804c2e52f5,2019-06-30 11:45:01-04:00,PACLitaxel 100 MG Injection,583214
288,071a2d4a-067d-408b-8695-ad804c2e52f5,2019-07-30 11:45:01-04:00,Cisplatin 50 MG Injection,1736854
289,071a2d4a-067d-408b-8695-ad804c2e52f5,2019-07-30 11:45:01-04:00,PACLitaxel 100 MG Injection,583214
290,071a2d4a-067d-408b-8695-ad804c2e52f5,2019-08-29 11:45:01-04:00,Cisplatin 50 MG Injection,1736854
291,071a2d4a-067d-408b-8695-ad804c2e52f5,2019-08-29 11:45:01-04:00,PACLitaxel 100 MG Injection,583214
292,071a2d4a-067d-408b-8695-ad804c2e52f5,2019-10-01 11:45:01-04:00,Cisplatin 50 MG Injection,1736854
293,071a2d4a-067d-408b-8695-ad804c2e52f5,2019-10-01 11:45:01-04:00,PACLitaxel 100 MG Injection,583214
294,071a2d4a-067d-408b-8695-ad804c2e52f5,2019-11-01 11:45:01-04:00,Cisplatin 50 MG Injection,1736854
295,071a2d4a-067d-408b-8695-ad804c2e52f5,2019-11-01 11:45:01-04:00,PACLitaxel 100 MG Injection,583214
296,071a2d4a-067d-408b-8695-ad804c2e52f5,2019-12-02 10:45:01-05:00,Cisplatin 50 MG Injection,1736854
297,071a2d4a-067d-408b-8695-ad804c2e52f5,2019-12-02 10:45:01-05:00,PACLitaxel 100 MG Injection,583214
298,071a2d4a-067d-408b-8695-ad804c2e52f5,2020-01-03 10:45:01-05:00,Cisplatin 50 MG Injection,1736854
299,071a2d4a-067d-408b-8695-ad804c2e52f5,2020-01-03 10:45:01-05:00,PACLitaxel 100 MG Injection,583214
300,071a2d4a-067d-408b-8695-ad804c2e52f5,2020-02-05 10:45:01-05:00,Cisplatin 50 MG Injection,1736854
301,071a2d4a-067d-408b-8695-ad804c2e52f5,2020-02-05 10:45:01-05:00,PACLitaxel 100 MG Injection,583214
302,071a2d4a-067d-408b-8695-ad804c2e52f5,2020-03-08 11:45:01-04:00,Cisplatin 50 MG Injection,1736854
303,071a2d4a-067d-408b-8695-ad804c2e52f5,2020-03-08 11:45:01-04:00,PACLitaxel 100 MG Injection,583214
304,87b0af69-aa06-443d-b837-7be60118449b,2019-04-22 05:40:59-04:00,Cisplatin 50 MG Injection,1736854
305,87b0af69-aa06-443d-b837-7be60118449b,2019-04-22 05:40:59-04:00,PACLitaxel 100 MG Injection,583214
306,87b0af69-aa06-443d-b837-7be60118449b,2019-05-21 05:40:59-04:00,Cisplatin 50 MG Injection,1736854
307,87b0af69-aa06-443d-b837-7be60118449b,2019-05-21 05:40:59-04:00,PACLitaxel 100 MG Injection,583214
308,87b0af69-aa06-443d-b837-7be60118449b,2019-06-20 05:40:59-04:00,Cisplatin 50 MG Injection,1736854
309,87b0af69-aa06-443d-b837-7be60118449b,2019-06-20 05:40:59-04:00,PACLitaxel 100 MG Injection,583214
310,87b0af69-aa06-443d-b837-7be60118449b,2019-07-19 05:40:59-04:00,Cisplatin 50 MG Injection,1736854
311,87b0af69-aa06-443d-b837-7be60118449b,2019-07-19 05:40:59-04:00,PACLitaxel 100 MG Injection,583214
312,87b0af69-aa06-443d-b837-7be60118449b,2019-08-17 05:40:59-04:00,Cisplatin 50 MG Injection,1736854
313,87b0af69-aa06-443d-b837-7be60118449b,2019-08-17 05:40:59-04:00,PACLitaxel 100 MG Injection,583214
314,87b0af69-aa06-443d-b837-7be60118449b,2019-09-17 05:40:59-04:00,Cisplatin 50 MG Injection,1736854
315,87b0af69-aa06-443d-b837-7be60118449b,2019-09-17 05:40:59-04:00,PACLitaxel 100 MG Injection,583214
316,87b0af69-aa06-443d-b837-7be60118449b,2019-10-19 05:40:59-04:00,Cisplatin 50 MG Injection,1736854
317,87b0af69-aa06-443d-b837-7be60118449b,2019-10-19 05:40:59-04:00,PACLitaxel 100 MG Injection,583214
318,87b0af69-aa06-443d-b837-7be60118449b,2019-11-19 04:40:59-05:00,Cisplatin 50 MG Injection,1736854
319,87b0af69-aa06-443d-b837-7be60118449b,2019-11-19 04:40:59-05:00,PACLitaxel 100 MG Injection,583214
320,87b0af69-aa06-443d-b837-7be60118449b,2019-12-17 04:40:59-05:00,Cisplatin 50 MG Injection,1736854
321,87b0af69-aa06-443d-b837-7be60118449b,2019-12-17 04:40:59-05:00,PACLitaxel 100 MG Injection,583214
322,87b0af69-aa06-443d-b837-7be60118449b,2020-01-19 04:40:59-05:00,Cisplatin 50 MG Injection,1736854
323,87b0af69-aa06-443d-b837-7be60118449b,2020-01-19 04:40:59-05:00,PACLitaxel 100 MG Injection,583214
324,87b0af69-aa06-443d-b837-7be60118449b,2020-02-22 04:40:59-05:00,Cisplatin 50 MG Injection,1736854
325,87b0af69-aa06-443d-b837-7be60118449b,2020-02-22 04:40:59-05:00,PACLitaxel 100 MG Injection,583214
326,87b0af69-aa06-443d-b837-7be60118449b,2020-03-25 05:40:59-04:00,Cisplatin 50 MG Injection,1736854
327,87b0af69-aa06-443d-b837-7be60118449b,2020-03-25 05:40:59-04:00,PACLitaxel 100 MG Injection,583214
328,891ec6f5-fed4-4636-b8f7-a2ee9efca8f9,2018-10-08 01:16:07-04:00,Cisplatin 50 MG Injection,1736854
329,891ec6f5-fed4-4636-b8f7-a2ee9efca8f9,2018-10-08 01:16:07-04:00,PACLitaxel 100 MG Injection,583214
330,891ec6f5-fed4-4636-b8f7-a2ee9efca8f9,2018-11-10 00:16:07-05:00,Cisplatin 50 MG Injection,1736854
331,891ec6f5-fed4-4636-b8f7-a2ee9efca8f9,2018-11-10 00:16:07-05:00,PACLitaxel 100 MG Injection,583214
332,891ec6f5-fed4-4636-b8f7-a2ee9efca8f9,2018-12-13 00:16:07-05:00,Cisplatin 50 MG Injection,1736854
333,891ec6f5-fed4-4636-b8f7-a2ee9efca8f9,2018-12-13 00:16:07-05:00,PACLitaxel 100 MG Injection,583214
334,891ec6f5-fed4-4636-b8f7-a2ee9efca8f9,2019-01-10 00:16:07-05:00,Cisplatin 50 MG Injection,1736854
335,891ec6f5-fed4-4636-b8f7-a2ee9efca8f9,2019-01-10 00:16:07-05:00,PACLitaxel 100 MG Injection,583214
336,891ec6f5-fed4-4636-b8f7-a2ee9efca8f9,2019-02-09 00:16:07-05:00,Cisplatin 50 MG Injection,1736854
337,891ec6f5-fed4-4636-b8f7-a2ee9efca8f9,2019-02-09 00:16:07-05:00,PACLitaxel 100 MG Injection,583214
338,891ec6f5-fed4-4636-b8f7-a2ee9efca8f9,2019-03-10 00:16:07-05:00,Cisplatin 50 MG Injection,1736854
339,891ec6f5-fed4-4636-b8f7-a2ee9efca8f9,2019-03-10 00:16:07-05:00,PACLitaxel 100 MG Injection,583214
340,891ec6f5-fed4-4636-b8f7-a2ee9efca8f9,2019-04-08 01:16:07-04:00,Cisplatin 50 MG Injection,1736854
341,891ec6f5-fed4-4636-b8f7-a2ee9efca8f9,2019-04-08 01:16:07-04:00,PACLitaxel 100 MG Injection,583214
342,891ec6f5-fed4-4636-b8f7-a2ee9efca8f9,2019-05-12 01:16:07-04:00,Cisplatin 50 MG Injection,1736854
343,891ec6f5-fed4-4636-b8f7-a2ee9efca8f9,2019-05-12 01:16:07-04:00,PACLitaxel 100 MG Injection,583214
344,891ec6f5-fed4-4636-b8f7-a2ee9efca8f9,2019-06-15 01:16:07-04:00,Cisplatin 50 MG Injection,1736854
345,891ec6f5-fed4-4636-b8f7-a2ee9efca8f9,2019-06-15 01:16:07-04:00,PACLitaxel 100 MG Injection,583214
346,891ec6f5-fed4-4636-b8f7-a2ee9efca8f9,2019-07-19 01:16:07-04:00,Cisplatin 50 MG Injection,1736854
347,891ec6f5-fed4-4636-b8f7-a2ee9efca8f9,2019-07-19 01:16:07-04:00,PACLitaxel 100 MG Injection,583214
348,891ec6f5-fed4-4636-b8f7-a2ee9efca8f9,2019-08-22 01:16:07-04:00,Cisplatin 50 MG Injection,1736854
349,891ec6f5-fed4-4636-b8f7-a2ee9efca8f9,2019-08-22 01:16:07-04:00,PACLitaxel 100 MG Injection,583214
350,891ec6f5-fed4-4636-b8f7-a2ee9efca8f9,2019-09-21 01:16:07-04:00,Cisplatin 50 MG Injection,1736854
351,891ec6f5-fed4-4636-b8f7-a2ee9efca8f9,2019-09-21 01:16:07-04:00,PACLitaxel 100 MG Injection,583214
352,891ec6f5-fed4-4636-b8f7-a2ee9efca8f9,2019-10-21 01:16:07-04:00,Cisplatin 50 MG Injection,1736854
353,891ec6f5-fed4-4636-b8f7-a2ee9efca8f9,2019-10-21 01:16:07-04:00,PACLitaxel 100 MG Injection,583214
354,891ec6f5-fed4-4636-b8f7-a2ee9efca8f9,2019-11-19 00:16:07-05:00,Cisplatin 50 MG Injection,1736854
355,891ec6f5-fed4-4636-b8f7-a2ee9efca8f9,2019-11-19 00:16:07-05:00,PACLitaxel 100 MG Injection,583214
356,891ec6f5-fed4-4636-b8f7-a2ee9efca8f9,2019-12-20 00:16:07-05:00,Cisplatin 50 MG Injection,1736854
357,891ec6f5-fed4-4636-b8f7-a2ee9efca8f9,2019-12-20 00:16:07-05:00,PACLitaxel 100 MG Injection,583214
358,891ec6f5-fed4-4636-b8f7-a2ee9efca8f9,2020-01-22 00:16:07-05:00,Cisplatin 50 MG Injection,1736854
359,891ec6f5-fed4-4636-b8f7-a2ee9efca8f9,2020-01-22 00:16:07-05:00,PACLitaxel 100 MG Injection,583214
360,891ec6f5-fed4-4636-b8f7-a2ee9efca8f9,2020-02-25 00:16:07-05:00,Cisplatin 50 MG Injection,1736854
361,891ec6f5-fed4-4636-b8f7-a2ee9efca8f9,2020-02-25 00:16:07-05:00,PACLitaxel 100 MG Injection,583214
362,891ec6f5-fed4-4636-b8f7-a2ee9efca8f9,2020-03-29 01:16:07-04:00,Cisplatin 50 MG Injection,1736854
363,891ec6f5-fed4-4636-b8f7-a2ee9efca8f9,2020-03-29 01:16:07-04:00,PACLitaxel 100 MG Injection,583214
364,a220c369-cbf0-4e5c-add2-f38f14a7f694,2018-10-10 05:43:54-04:00,Cisplatin 50 MG Injection,1736854
365,a220c369-cbf0-4e5c-add2-f38f14a7f694,2018-10-10 05:43:54-04:00,PACLitaxel 100 MG Injection,583214
366,a220c369-cbf0-4e5c-add2-f38f14a7f694,2018-11-10 04:43:54-05:00,Cisplatin 50 MG Injection,1736854
367,a220c369-cbf0-4e5c-add2-f38f14a7f694,2018-11-10 04:43:54-05:00,PACLitaxel 100 MG Injection,583214
368,a220c369-cbf0-4e5c-add2-f38f14a7f694,2018-12-12 04:43:54-05:00,Cisplatin 50 MG Injection,1736854
369,a220c369-cbf0-4e5c-add2-f38f14a7f694,2018-12-12 04:43:54-05:00,PACLitaxel 100 MG Injection,583214
370,a220c369-cbf0-4e5c-add2-f38f14a7f694,2019-01-15 04:43:54-05:00,Cisplatin 50 MG Injection,1736854
371,a220c369-cbf0-4e5c-add2-f38f14a7f694,2019-01-15 04:43:54-05:00,PACLitaxel 100 MG Injection,583214
372,a220c369-cbf0-4e5c-add2-f38f14a7f694,2019-02-13 04:43:54-05:00,Cisplatin 50 MG Injection,1736854
373,a220c369-cbf0-4e5c-add2-f38f14a7f694,2019-02-13 04:43:54-05:00,PACLitaxel 100 MG Injection,583214
374,a220c369-cbf0-4e5c-add2-f38f14a7f694,2019-03-17 05:43:54-04:00,Cisplatin 50 MG Injection,1736854
375,a220c369-cbf0-4e5c-add2-f38f14a7f694,2019-03-17 05:43:54-04:00,PACLitaxel 100 MG Injection,583214
376,a220c369-cbf0-4e5c-add2-f38f14a7f694,2019-04-20 05:43:54-04:00,Cisplatin 50 MG Injection,1736854
377,a220c369-cbf0-4e5c-add2-f38f14a7f694,2019-04-20 05:43:54-04:00,PACLitaxel 100 MG Injection,583214
378,a220c369-cbf0-4e5c-add2-f38f14a7f694,2019-05-23 05:43:54-04:00,Cisplatin 50 MG Injection,1736854
379,a220c369-cbf0-4e5c-add2-f38f14a7f694,2019-05-23 05:43:54-04:00,PACLitaxel 100 MG Injection,583214
380,a220c369-cbf0-4e5c-add2-f38f14a7f694,2019-06-23 05:43:54-04:00,Cisplatin 50 MG Injection,1736854
381,a220c369-cbf0-4e5c-add2-f38f14a7f694,2019-06-23 05:43:54-04:00,PACLitaxel 100 MG Injection,583214
382,a220c369-cbf0-4e5c-add2-f38f14a7f694,2019-07-24 05:43:54-04:00,Cisplatin 50 MG Injection,1736854
383,a220c369-cbf0-4e5c-add2-f38f14a7f694,2019-07-24 05:43:54-04:00,PACLitaxel 100 MG Injection,583214
384,a220c369-cbf0-4e5c-add2-f38f14a7f694,2019-08-21 05:43:54-04:00,Cisplatin 50 MG Injection,1736854
385,a220c369-cbf0-4e5c-add2-f38f14a7f694,2019-08-21 05:43:54-04:00,PACLitaxel 100 MG Injection,583214
386,a220c369-cbf0-4e5c-add2-f38f14a7f694,2019-09-21 05:43:54-04:00,Cisplatin 50 MG Injection,1736854
387,a220c369-cbf0-4e5c-add2-f38f14a7f694,2019-09-21 05:43:54-04:00,PACLitaxel 100 MG Injection,583214
388,a220c369-cbf0-4e5c-add2-f38f14a7f694,2019-10-24 05:43:54-04:00,Cisplatin 50 MG Injection,1736854
389,a220c369-cbf0-4e5c-add2-f38f14a7f694,2019-10-24 05:43:54-04:00,PACLitaxel 100 MG Injection,583214
390,a220c369-cbf0-4e5c-add2-f38f14a7f694,2019-11-25 04:43:54-05:00,Cisplatin 50 MG Injection,1736854
391,a220c369-cbf0-4e5c-add2-f38f14a7f694,2019-11-25 04:43:54-05:00,PACLitaxel 100 MG Injection,583214
392,a220c369-cbf0-4e5c-add2-f38f14a7f694,2019-12-27 04:43:54-05:00,Cisplatin 50 MG Injection,1736854
393,a220c369-cbf0-4e5c-add2-f38f14a7f694,2019-12-27 04:43:54-05:00,PACLitaxel 100 MG Injection,583214
394,a220c369-cbf0-4e5c-add2-f38f14a7f694,2020-01-25 04:43:54-05:00,Cisplatin 50 MG Injection,1736854
395,a220c369-cbf0-4e5c-add2-f38f14a7f694,2020-01-25 04:43:54-05:00,PACLitaxel 100 MG Injection,583214
396,a220c369-cbf0-4e5c-add2-f38f14a7f694,2020-02-24 04:43:54-05:00,Cisplatin 50 MG Injection,1736854
397,a220c369-cbf0-4e5c-add2-f38f14a7f694,2020-02-24 04:43:54-05:00,PACLitaxel 100 MG Injection,583214
398,a220c369-cbf0-4e5c-add2-f38f14a7f694,2020-03-23 05:43:54-04:00,Cisplatin 50 MG Injection,1736854
399,a220c369-cbf0-4e5c-add2-f38f14a7f694,2020-03-23 05:43:54-04:00,PACLitaxel 100 MG Injection,583214
400,5c4310d1-e8cc-43f3-9a96-3f5103b0ca50,2018-06-11 03:35:08-04:00,ondansetron 4 MG in 2 ML Injection,1740467
401,5c4310d1-e8cc-43f3-9a96-3f5103b0ca50,2018-06-11 03:35:08-04:00,Midazolam 1 MG/ML Injectable Solution,311700
402,5c4310d1-e8cc-43f3-9a96-3f5103b0ca50,2018-06-11 03:35:08-04:00,propofol 1000 MG in 100 ML Injection,1808217
403,5c4310d1-e8cc-43f3-9a96-3f5103b0ca50,2018-06-11 03:35:08-04:00,Rocuronium bromide 10 MG/ML Injectable Solution,1234995
404,5c4310d1-e8cc-43f3-9a96-3f5103b0ca50,2018-06-11 03:35:08-04:00,isoflurane 99.9 % Inhalant Solution,542347
405,5c4310d1-e8cc-43f3-9a96-3f5103b0ca50,2018-06-11 03:35:08-04:00,SUFentanil 250 MCG per 5 ML Injection,1809104
406,f0473736-9c1f-4aa2-9172-8f6487342591,2018-08-31 04:51:15-04:00,Cisplatin 50 MG Injection,1736854
407,f0473736-9c1f-4aa2-9172-8f6487342591,2018-08-31 04:51:15-04:00,Etoposide 100 MG Injection,1734340
408,f0473736-9c1f-4aa2-9172-8f6487342591,2018-09-22 04:51:15-04:00,Cisplatin 50 MG Injection,1736854
409,f0473736-9c1f-4aa2-9172-8f6487342591,2018-09-22 04:51:15-04:00,Etoposide 100 MG Injection,1734340
410,f0473736-9c1f-4aa2-9172-8f6487342591,2018-10-17 04:51:15-04:00,Cisplatin 50 MG Injection,1736854
411,f0473736-9c1f-4aa2-9172-8f6487342591,2018-10-17 04:51:15-04:00,Etoposide 100 MG Injection,1734340
412,f0473736-9c1f-4aa2-9172-8f6487342591,2018-11-09 03:51:15-05:00,Cisplatin 50 MG Injection,1736854
413,f0473736-9c1f-4aa2-9172-8f6487342591,2018-11-09 03:51:15-05:00,Etoposide 100 MG Injection,1734340
414,f0473736-9c1f-4aa2-9172-8f6487342591,2018-12-02 03:51:15-05:00,Cisplatin 50 MG Injection,1736854
415,f0473736-9c1f-4aa2-9172-8f6487342591,2018-12-02 03:51:15-05:00,Etoposide 100 MG Injection,1734340
416,f0473736-9c1f-4aa2-9172-8f6487342591,2018-12-28 03:51:15-05:00,Cisplatin 50 MG Injection,1736854
417,f0473736-9c1f-4aa2-9172-8f6487342591,2018-12-28 03:51:15-05:00,Etoposide 100 MG Injection,1734340
418,f0473736-9c1f-4aa2-9172-8f6487342591,2019-01-21 03:51:15-05:00,Cisplatin 50 MG Injection,1736854
419,f0473736-9c1f-4aa2-9172-8f6487342591,2019-01-21 03:51:15-05:00,Etoposide 100 MG Injection,1734340
420,f0473736-9c1f-4aa2-9172-8f6487342591,2019-02-11 03:51:15-05:00,Cisplatin 50 MG Injection,1736854
421,f0473736-9c1f-4aa2-9172-8f6487342591,2019-02-11 03:51:15-05:00,Etoposide 100 MG Injection,1734340
422,f0473736-9c1f-4aa2-9172-8f6487342591,2019-03-09 03:51:15-05:00,Cisplatin 50 MG Injection,1736854
423,f0473736-9c1f-4aa2-9172-8f6487342591,2019-03-09 03:51:15-05:00,Etoposide 100 MG Injection,1734340
424,f0473736-9c1f-4aa2-9172-8f6487342591,2019-04-01 04:51:15-04:00,Cisplatin 50 MG Injection,1736854
425,f0473736-9c1f-4aa2-9172-8f6487342591,2019-04-01 04:51:15-04:00,Etoposide 100 MG Injection,1734340
426,f0473736-9c1f-4aa2-9172-8f6487342591,2019-04-23 04:51:15-04:00,Cisplatin 50 MG Injection,1736854
427,f0473736-9c1f-4aa2-9172-8f6487342591,2019-04-23 04:51:15-04:00,Etoposide 100 MG Injection,1734340
428,f0473736-9c1f-4aa2-9172-8f6487342591,2019-05-14 04:51:15-04:00,Cisplatin 50 MG Injection,1736854
429,f0473736-9c1f-4aa2-9172-8f6487342591,2019-05-14 04:51:15-04:00,Etoposide 100 MG Injection,1734340
430,f0473736-9c1f-4aa2-9172-8f6487342591,2019-06-05 04:51:15-04:00,Cisplatin 50 MG Injection,1736854
431,f0473736-9c1f-4aa2-9172-8f6487342591,2019-06-05 04:51:15-04:00,Etoposide 100 MG Injection,1734340
432,f0473736-9c1f-4aa2-9172-8f6487342591,2019-06-28 04:51:15-04:00,Cisplatin 50 MG Injection,1736854
433,f0473736-9c1f-4aa2-9172-8f6487342591,2019-06-28 04:51:15-04:00,Etoposide 100 MG Injection,1734340
434,f0473736-9c1f-4aa2-9172-8f6487342591,2019-07-24 04:51:15-04:00,Cisplatin 50 MG Injection,1736854
435,f0473736-9c1f-4aa2-9172-8f6487342591,2019-07-24 04:51:15-04:00,Etoposide 100 MG Injection,1734340
436,f0473736-9c1f-4aa2-9172-8f6487342591,2019-08-16 04:51:15-04:00,Cisplatin 50 MG Injection,1736854
437,f0473736-9c1f-4aa2-9172-8f6487342591,2019-08-16 04:51:15-04:00,Etoposide 100 MG Injection,1734340
438,f0473736-9c1f-4aa2-9172-8f6487342591,2019-09-07 04:51:15-04:00,Cisplatin 50 MG Injection,1736854
439,f0473736-9c1f-4aa2-9172-8f6487342591,2019-09-07 04:51:15-04:00,Etoposide 100 MG Injection,1734340
440,f0473736-9c1f-4aa2-9172-8f6487342591,2019-10-04 04:51:15-04:00,Cisplatin 50 MG Injection,1736854
441,f0473736-9c1f-4aa2-9172-8f6487342591,2019-10-04 04:51:15-04:00,Etoposide 100 MG Injection,1734340
442,f0473736-9c1f-4aa2-9172-8f6487342591,2019-10-25 04:51:15-04:00,Cisplatin 50 MG Injection,1736854
443,f0473736-9c1f-4aa2-9172-8f6487342591,2019-10-25 04:51:15-04:00,Etoposide 100 MG Injection,1734340
444,f0473736-9c1f-4aa2-9172-8f6487342591,2019-11-16 03:51:15-05:00,Cisplatin 50 MG Injection,1736854
445,f0473736-9c1f-4aa2-9172-8f6487342591,2019-11-16 03:51:15-05:00,Etoposide 100 MG Injection,1734340
446,f0473736-9c1f-4aa2-9172-8f6487342591,2019-12-07 03:51:15-05:00,Cisplatin 50 MG Injection,1736854
447,f0473736-9c1f-4aa2-9172-8f6487342591,2019-12-07 03:51:15-05:00,Etoposide 100 MG Injection,1734340
448,f0473736-9c1f-4aa2-9172-8f6487342591,2019-12-30 03:51:15-05:00,Cisplatin 50 MG Injection,1736854
449,f0473736-9c1f-4aa2-9172-8f6487342591,2019-12-30 03:51:15-05:00,Etoposide 100 MG Injection,1734340
450,f0473736-9c1f-4aa2-9172-8f6487342591,2020-01-23 03:51:15-05:00,Cisplatin 50 MG Injection,1736854
451,f0473736-9c1f-4aa2-9172-8f6487342591,2020-01-23 03:51:15-05:00,Etoposide 100 MG Injection,1734340
452,f0473736-9c1f-4aa2-9172-8f6487342591,2020-02-19 03:51:15-05:00,Cisplatin 50 MG Injection,1736854
453,f0473736-9c1f-4aa2-9172-8f6487342591,2020-02-19 03:51:15-05:00,Etoposide 100 MG Injection,1734340
454,f0473736-9c1f-4aa2-9172-8f6487342591,2020-03-14 04:51:15-04:00,Cisplatin 50 MG Injection,1736854
455,f0473736-9c1f-4aa2-9172-8f6487342591,2020-03-14 04:51:15-04:00,Etoposide 100 MG Injection,1734340
456,c19da04b-7e63-49b1-a03d-f6d42c44c662,2018-10-22 17:49:29-04:00,Cisplatin 50 MG Injection,1736854
457,c19da04b-7e63-49b1-a03d-f6d42c44c662,2018-10-22 17:49:29-04:00,PACLitaxel 100 MG Injection,583214
458,c19da04b-7e63-49b1-a03d-f6d42c44c662,2018-11-19 16:49:29-05:00,Cisplatin 50 MG Injection,1736854
459,c19da04b-7e63-49b1-a03d-f6d42c44c662,2018-11-19 16:49:29-05:00,PACLitaxel 100 MG Injection,583214
460,c19da04b-7e63-49b1-a03d-f6d42c44c662,2018-12-21 16:49:29-05:00,Cisplatin 50 MG Injection,1736854
461,c19da04b-7e63-49b1-a03d-f6d42c44c662,2018-12-21 16:49:29-05:00,PACLitaxel 100 MG Injection,583214
462,c19da04b-7e63-49b1-a03d-f6d42c44c662,2019-01-20 16:49:29-05:00,Cisplatin 50 MG Injection,1736854
463,c19da04b-7e63-49b1-a03d-f6d42c44c662,2019-01-20 16:49:29-05:00,PACLitaxel 100 MG Injection,583214
464,c19da04b-7e63-49b1-a03d-f6d42c44c662,2019-02-21 16:49:29-05:00,Cisplatin 50 MG Injection,1736854
465,c19da04b-7e63-49b1-a03d-f6d42c44c662,2019-02-21 16:49:29-05:00,PACLitaxel 100 MG Injection,583214
466,c19da04b-7e63-49b1-a03d-f6d42c44c662,2019-03-23 17:49:29-04:00,Cisplatin 50 MG Injection,1736854
467,c19da04b-7e63-49b1-a03d-f6d42c44c662,2019-03-23 17:49:29-04:00,PACLitaxel 100 MG Injection,583214
468,c19da04b-7e63-49b1-a03d-f6d42c44c662,2019-04-23 17:49:29-04:00,Cisplatin 50 MG Injection,1736854
469,c19da04b-7e63-49b1-a03d-f6d42c44c662,2019-04-23 17:49:29-04:00,PACLitaxel 100 MG Injection,583214
470,c19da04b-7e63-49b1-a03d-f6d42c44c662,2019-05-21 17:49:29-04:00,Cisplatin 50 MG Injection,1736854
471,c19da04b-7e63-49b1-a03d-f6d42c44c662,2019-05-21 17:49:29-04:00,PACLitaxel 100 MG Injection,583214
472,c19da04b-7e63-49b1-a03d-f6d42c44c662,2019-06-24 17:49:29-04:00,Cisplatin 50 MG Injection,1736854
473,c19da04b-7e63-49b1-a03d-f6d42c44c662,2019-06-24 17:49:29-04:00,PACLitaxel 100 MG Injection,583214
474,c19da04b-7e63-49b1-a03d-f6d42c44c662,2019-07-23 17:49:29-04:00,Cisplatin 50 MG Injection,1736854
475,c19da04b-7e63-49b1-a03d-f6d42c44c662,2019-07-23 17:49:29-04:00,PACLitaxel 100 MG Injection,583214
476,c19da04b-7e63-49b1-a03d-f6d42c44c662,2019-08-26 17:49:29-04:00,Cisplatin 50 MG Injection,1736854
477,c19da04b-7e63-49b1-a03d-f6d42c44c662,2019-08-26 17:49:29-04:00,PACLitaxel 100 MG Injection,583214
478,c19da04b-7e63-49b1-a03d-f6d42c44c662,2019-09-25 17:49:29-04:00,Cisplatin 50 MG Injection,1736854
479,c19da04b-7e63-49b1-a03d-f6d42c44c662,2019-09-25 17:49:29-04:00,PACLitaxel 100 MG Injection,583214
480,c19da04b-7e63-49b1-a03d-f6d42c44c662,2019-10-29 17:49:29-04:00,Cisplatin 50 MG Injection,1736854
481,c19da04b-7e63-49b1-a03d-f6d42c44c662,2019-10-29 17:49:29-04:00,PACLitaxel 100 MG Injection,583214
482,c19da04b-7e63-49b1-a03d-f6d42c44c662,2019-11-30 16:49:29-05:00,Cisplatin 50 MG Injection,1736854
483,c19da04b-7e63-49b1-a03d-f6d42c44c662,2019-11-30 16:49:29-05:00,PACLitaxel 100 MG Injection,583214
484,c19da04b-7e63-49b1-a03d-f6d42c44c662,2020-01-02 16:49:29-05:00,Cisplatin 50 MG Injection,1736854
485,c19da04b-7e63-49b1-a03d-f6d42c44c662,2020-01-02 16:49:29-05:00,PACLitaxel 100 MG Injection,583214
486,c19da04b-7e63-49b1-a03d-f6d42c44c662,2020-02-05 16:49:29-05:00,Cisplatin 50 MG Injection,1736854
487,c19da04b-7e63-49b1-a03d-f6d42c44c662,2020-02-05 16:49:29-05:00,PACLitaxel 100 MG Injection,583214
488,c19da04b-7e63-49b1-a03d-f6d42c44c662,2020-03-06 16:49:29-05:00,Cisplatin 50 MG Injection,1736854
489,c19da04b-7e63-49b1-a03d-f6d42c44c662,2020-03-06 16:49:29-05:00,PACLitaxel 100 MG Injection,583214
490,379dbba1-f55e-4909-8ce1-91af874753ee,2019-03-04 19:15:12-05:00,Cisplatin 50 MG Injection,1736854
491,379dbba1-f55e-4909-8ce1-91af874753ee,2019-03-04 19:15:12-05:00,PACLitaxel 100 MG Injection,583214
492,379dbba1-f55e-4909-8ce1-91af874753ee,2019-04-06 20:15:12-04:00,Cisplatin 50 MG Injection,1736854
493,379dbba1-f55e-4909-8ce1-91af874753ee,2019-04-06 20:15:12-04:00,PACLitaxel 100 MG Injection,583214
494,379dbba1-f55e-4909-8ce1-91af874753ee,2019-05-05 20:15:12-04:00,Cisplatin 50 MG Injection,1736854
495,379dbba1-f55e-4909-8ce1-91af874753ee,2019-05-05 20:15:12-04:00,PACLitaxel 100 MG Injection,583214
496,379dbba1-f55e-4909-8ce1-91af874753ee,2019-06-04 20:15:12-04:00,Cisplatin 50 MG Injection,1736854
497,379dbba1-f55e-4909-8ce1-91af874753ee,2019-06-04 20:15:12-04:00,PACLitaxel 100 MG Injection,583214
498,379dbba1-f55e-4909-8ce1-91af874753ee,2019-07-02 20:15:12-04:00,Cisplatin 50 MG Injection,1736854
499,379dbba1-f55e-4909-8ce1-91af874753ee,2019-07-02 20:15:12-04:00,PACLitaxel 100 MG Injection,583214
500,379dbba1-f55e-4909-8ce1-91af874753ee,2019-08-04 20:15:12-04:00,Cisplatin 50 MG Injection,1736854
501,379dbba1-f55e-4909-8ce1-91af874753ee,2019-08-04 20:15:12-04:00,PACLitaxel 100 MG Injection,583214
502,379dbba1-f55e-4909-8ce1-91af874753ee,2019-09-03 20:15:12-04:00,Cisplatin 50 MG Injection,1736854
503,379dbba1-f55e-4909-8ce1-91af874753ee,2019-09-03 20:15:12-04:00,PACLitaxel 100 MG Injection,583214
504,379dbba1-f55e-4909-8ce1-91af874753ee,2019-10-05 20:15:12-04:00,Cisplatin 50 MG Injection,1736854
505,379dbba1-f55e-4909-8ce1-91af874753ee,2019-10-05 20:15:12-04:00,PACLitaxel 100 MG Injection,583214
506,379dbba1-f55e-4909-8ce1-91af874753ee,2019-11-08 19:15:12-05:00,Cisplatin 50 MG Injection,1736854
507,379dbba1-f55e-4909-8ce1-91af874753ee,2019-11-08 19:15:12-05:00,PACLitaxel 100 MG Injection,583214
508,379dbba1-f55e-4909-8ce1-91af874753ee,2019-12-11 19:15:12-05:00,Cisplatin 50 MG Injection,1736854
509,379dbba1-f55e-4909-8ce1-91af874753ee,2019-12-11 19:15:12-05:00,PACLitaxel 100 MG Injection,583214
510,379dbba1-f55e-4909-8ce1-91af874753ee,2020-01-11 19:15:12-05:00,Cisplatin 50 MG Injection,1736854
511,379dbba1-f55e-4909-8ce1-91af874753ee,2020-01-11 19:15:12-05:00,PACLitaxel 100 MG Injection,583214
512,379dbba1-f55e-4909-8ce1-91af874753ee,2020-02-11 19:15:12-05:00,Cisplatin 50 MG Injection,1736854
513,379dbba1-f55e-4909-8ce1-91af874753ee,2020-02-11 19:15:12-05:00,PACLitaxel 100 MG Injection,583214
514,379dbba1-f55e-4909-8ce1-91af874753ee,2020-03-11 20:15:12-04:00,Cisplatin 50 MG Injection,1736854
515,379dbba1-f55e-4909-8ce1-91af874753ee,2020-03-11 20:15:12-04:00,PACLitaxel 100 MG Injection,583214
516,76182c4c-4763-44f6-942b-29f4e97ded4d,2017-08-31 13:49:55-04:00,Cisplatin 50 MG Injection,1736854
517,76182c4c-4763-44f6-942b-29f4e97ded4d,2017-08-31 13:49:55-04:00,Etoposide 100 MG Injection,1734340
518,76182c4c-4763-44f6-942b-29f4e97ded4d,2017-09-23 13:49:55-04:00,Cisplatin 50 MG Injection,1736854
519,76182c4c-4763-44f6-942b-29f4e97ded4d,2017-09-23 13:49:55-04:00,Etoposide 100 MG Injection,1734340
520,76182c4c-4763-44f6-942b-29f4e97ded4d,2017-10-17 13:49:55-04:00,Cisplatin 50 MG Injection,1736854
521,76182c4c-4763-44f6-942b-29f4e97ded4d,2017-10-17 13:49:55-04:00,Etoposide 100 MG Injection,1734340
522,76182c4c-4763-44f6-942b-29f4e97ded4d,2017-11-08 12:49:55-05:00,Cisplatin 50 MG Injection,1736854
523,76182c4c-4763-44f6-942b-29f4e97ded4d,2017-11-08 12:49:55-05:00,Etoposide 100 MG Injection,1734340
524,76182c4c-4763-44f6-942b-29f4e97ded4d,2017-12-01 12:49:55-05:00,Cisplatin 50 MG Injection,1736854
525,76182c4c-4763-44f6-942b-29f4e97ded4d,2017-12-01 12:49:55-05:00,Etoposide 100 MG Injection,1734340
526,76182c4c-4763-44f6-942b-29f4e97ded4d,2017-12-23 12:49:55-05:00,Cisplatin 50 MG Injection,1736854
527,76182c4c-4763-44f6-942b-29f4e97ded4d,2017-12-23 12:49:55-05:00,Etoposide 100 MG Injection,1734340
528,76182c4c-4763-44f6-942b-29f4e97ded4d,2018-01-14 12:49:55-05:00,Cisplatin 50 MG Injection,1736854
529,76182c4c-4763-44f6-942b-29f4e97ded4d,2018-01-14 12:49:55-05:00,Etoposide 100 MG Injection,1734340
530,76182c4c-4763-44f6-942b-29f4e97ded4d,2018-02-10 12:49:55-05:00,Cisplatin 50 MG Injection,1736854
531,76182c4c-4763-44f6-942b-29f4e97ded4d,2018-02-10 12:49:55-05:00,Etoposide 100 MG Injection,1734340
532,76182c4c-4763-44f6-942b-29f4e97ded4d,2018-03-06 12:49:55-05:00,Cisplatin 50 MG Injection,1736854
533,76182c4c-4763-44f6-942b-29f4e97ded4d,2018-03-06 12:49:55-05:00,Etoposide 100 MG Injection,1734340
534,76182c4c-4763-44f6-942b-29f4e97ded4d,2018-03-27 13:49:55-04:00,Cisplatin 50 MG Injection,1736854
535,76182c4c-4763-44f6-942b-29f4e97ded4d,2018-03-27 13:49:55-04:00,Etoposide 100 MG Injection,1734340
536,76182c4c-4763-44f6-942b-29f4e97ded4d,2018-04-18 13:49:55-04:00,Cisplatin 50 MG Injection,1736854
537,76182c4c-4763-44f6-942b-29f4e97ded4d,2018-04-18 13:49:55-04:00,Etoposide 100 MG Injection,1734340
538,76182c4c-4763-44f6-942b-29f4e97ded4d,2018-05-14 13:49:55-04:00,Cisplatin 50 MG Injection,1736854
539,76182c4c-4763-44f6-942b-29f4e97ded4d,2018-05-14 13:49:55-04:00,Etoposide 100 MG Injection,1734340
540,76182c4c-4763-44f6-942b-29f4e97ded4d,2018-06-07 13:49:55-04:00,Cisplatin 50 MG Injection,1736854
541,76182c4c-4763-44f6-942b-29f4e97ded4d,2018-06-07 13:49:55-04:00,Etoposide 100 MG Injection,1734340
542,76182c4c-4763-44f6-942b-29f4e97ded4d,2018-07-01 13:49:55-04:00,Cisplatin 50 MG Injection,1736854
543,76182c4c-4763-44f6-942b-29f4e97ded4d,2018-07-01 13:49:55-04:00,Etoposide 100 MG Injection,1734340
544,76182c4c-4763-44f6-942b-29f4e97ded4d,2018-07-28 13:49:55-04:00,Cisplatin 50 MG Injection,1736854
545,76182c4c-4763-44f6-942b-29f4e97ded4d,2018-07-28 13:49:55-04:00,Etoposide 100 MG Injection,1734340
546,76182c4c-4763-44f6-942b-29f4e97ded4d,2018-08-20 13:49:55-04:00,Cisplatin 50 MG Injection,1736854
547,76182c4c-4763-44f6-942b-29f4e97ded4d,2018-08-20 13:49:55-04:00,Etoposide 100 MG Injection,1734340
548,76182c4c-4763-44f6-942b-29f4e97ded4d,2018-09-14 13:49:55-04:00,Cisplatin 50 MG Injection,1736854
549,76182c4c-4763-44f6-942b-29f4e97ded4d,2018-09-14 13:49:55-04:00,Etoposide 100 MG Injection,1734340
550,76182c4c-4763-44f6-942b-29f4e97ded4d,2018-10-11 13:49:55-04:00,Cisplatin 50 MG Injection,1736854
551,76182c4c-4763-44f6-942b-29f4e97ded4d,2018-10-11 13:49:55-04:00,Etoposide 100 MG Injection,1734340
552,76182c4c-4763-44f6-942b-29f4e97ded4d,2018-11-05 12:49:55-05:00,Cisplatin 50 MG Injection,1736854
553,76182c4c-4763-44f6-942b-29f4e97ded4d,2018-11-05 12:49:55-05:00,Etoposide 100 MG Injection,1734340
554,76182c4c-4763-44f6-942b-29f4e97ded4d,2018-11-27 12:49:55-05:00,Cisplatin 50 MG Injection,1736854
555,76182c4c-4763-44f6-942b-29f4e97ded4d,2018-11-27 12:49:55-05:00,Etoposide 100 MG Injection,1734340
556,76182c4c-4763-44f6-942b-29f4e97ded4d,2018-12-19 12:49:55-05:00,Cisplatin 50 MG Injection,1736854
557,76182c4c-4763-44f6-942b-29f4e97ded4d,2018-12-19 12:49:55-05:00,Etoposide 100 MG Injection,1734340
558,76182c4c-4763-44f6-942b-29f4e97ded4d,2019-01-10 12:49:55-05:00,Cisplatin 50 MG Injection,1736854
559,76182c4c-4763-44f6-942b-29f4e97ded4d,2019-01-10 12:49:55-05:00,Etoposide 100 MG Injection,1734340
560,76182c4c-4763-44f6-942b-29f4e97ded4d,2019-01-31 12:49:55-05:00,Cisplatin 50 MG Injection,1736854
561,76182c4c-4763-44f6-942b-29f4e97ded4d,2019-01-31 12:49:55-05:00,Etoposide 100 MG Injection,1734340
562,76182c4c-4763-44f6-942b-29f4e97ded4d,2019-02-23 12:49:55-05:00,Cisplatin 50 MG Injection,1736854
563,76182c4c-4763-44f6-942b-29f4e97ded4d,2019-02-23 12:49:55-05:00,Etoposide 100 MG Injection,1734340
564,76182c4c-4763-44f6-942b-29f4e97ded4d,2019-03-17 13:49:55-04:00,Cisplatin 50 MG Injection,1736854
565,76182c4c-4763-44f6-942b-29f4e97ded4d,2019-03-17 13:49:55-04:00,Etoposide 100 MG Injection,1734340
566,76182c4c-4763-44f6-942b-29f4e97ded4d,2019-04-07 13:49:55-04:00,Cisplatin 50 MG Injection,1736854
567,76182c4c-4763-44f6-942b-29f4e97ded4d,2019-04-07 13:49:55-04:00,Etoposide 100 MG Injection,1734340
568,76182c4c-4763-44f6-942b-29f4e97ded4d,2019-05-04 13:49:55-04:00,Cisplatin 50 MG Injection,1736854
569,76182c4c-4763-44f6-942b-29f4e97ded4d,2019-05-04 13:49:55-04:00,Etoposide 100 MG Injection,1734340
570,76182c4c-4763-44f6-942b-29f4e97ded4d,2019-05-27 13:49:55-04:00,Cisplatin 50 MG Injection,1736854
571,76182c4c-4763-44f6-942b-29f4e97ded4d,2019-05-27 13:49:55-04:00,Etoposide 100 MG Injection,1734340
572,76182c4c-4763-44f6-942b-29f4e97ded4d,2019-06-20 13:49:55-04:00,Cisplatin 50 MG Injection,1736854
573,76182c4c-4763-44f6-942b-29f4e97ded4d,2019-06-20 13:49:55-04:00,Etoposide 100 MG Injection,1734340
574,76182c4c-4763-44f6-942b-29f4e97ded4d,2019-07-15 13:49:55-04:00,Cisplatin 50 MG Injection,1736854
575,76182c4c-4763-44f6-942b-29f4e97ded4d,2019-07-15 13:49:55-04:00,Etoposide 100 MG Injection,1734340
576,76182c4c-4763-44f6-942b-29f4e97ded4d,2019-08-08 13:49:55-04:00,Cisplatin 50 MG Injection,1736854
577,76182c4c-4763-44f6-942b-29f4e97ded4d,2019-08-08 13:49:55-04:00,Etoposide 100 MG Injection,1734340
578,76182c4c-4763-44f6-942b-29f4e97ded4d,2019-09-04 13:49:55-04:00,Cisplatin 50 MG Injection,1736854
579,76182c4c-4763-44f6-942b-29f4e97ded4d,2019-09-04 13:49:55-04:00,Etoposide 100 MG Injection,1734340
580,76182c4c-4763-44f6-942b-29f4e97ded4d,2019-09-30 13:49:55-04:00,Cisplatin 50 MG Injection,1736854
581,76182c4c-4763-44f6-942b-29f4e97ded4d,2019-09-30 13:49:55-04:00,Etoposide 100 MG Injection,1734340
582,76182c4c-4763-44f6-942b-29f4e97ded4d,2019-10-21 13:49:55-04:00,Cisplatin 50 MG Injection,1736854
583,76182c4c-4763-44f6-942b-29f4e97ded4d,2019-10-21 13:49:55-04:00,Etoposide 100 MG Injection,1734340
584,76182c4c-4763-44f6-942b-29f4e97ded4d,2019-11-16 12:49:55-05:00,Cisplatin 50 MG Injection,1736854
585,76182c4c-4763-44f6-942b-29f4e97ded4d,2019-11-16 12:49:55-05:00,Etoposide 100 MG Injection,1734340
586,76182c4c-4763-44f6-942b-29f4e97ded4d,2019-12-07 12:49:55-05:00,Cisplatin 50 MG Injection,1736854
587,76182c4c-4763-44f6-942b-29f4e97ded4d,2019-12-07 12:49:55-05:00,Etoposide 100 MG Injection,1734340
588,76182c4c-4763-44f6-942b-29f4e97ded4d,2020-01-03 12:49:55-05:00,Cisplatin 50 MG Injection,1736854
589,76182c4c-4763-44f6-942b-29f4e97ded4d,2020-01-03 12:49:55-05:00,Etoposide 100 MG Injection,1734340
590,76182c4c-4763-44f6-942b-29f4e97ded4d,2020-01-26 12:49:55-05:00,Cisplatin 50 MG Injection,1736854
591,76182c4c-4763-44f6-942b-29f4e97ded4d,2020-01-26 12:49:55-05:00,Etoposide 100 MG Injection,1734340
592,76182c4c-4763-44f6-942b-29f4e97ded4d,2020-02-18 12:49:55-05:00,Cisplatin 50 MG Injection,1736854
593,76182c4c-4763-44f6-942b-29f4e97ded4d,2020-02-18 12:49:55-05:00,Etoposide 100 MG Injection,1734340
594,76182c4c-4763-44f6-942b-29f4e97ded4d,2020-03-12 13:49:55-04:00,Cisplatin 50 MG Injection,1736854
595,76182c4c-4763-44f6-942b-29f4e97ded4d,2020-03-12 13:49:55-04:00,Etoposide 100 MG Injection,1734340
